,번호,상품명,이미지경로
0,1,시크릿밴드 롱 루즈 와이드 데님,./상품이미지/바지/데님팬츠/시크릿밴드 롱 루즈 와이드 데님1.jpg
1,2,딥워싱 브러쉬 루즈핏 와이드 스트레이트 데님,./상품이미지/바지/데님팬츠/딥워싱 브러쉬 루즈핏 와이드 스트레이트 데님1.jpg
2,3,NOI024 스트레이트 루즈핏 데님 팬츠,./상품이미지/바지/데님팬츠/NOI024 스트레이트 루즈핏 데님 팬츠1.jpg
3,4,BUCKLE WIDE DENIM PANTS BLACK,./상품이미지/바지/데님팬츠/BUCKLE WIDE DENIM PANTS BLACK1.jpg
4,5,가을용 커버밴드 이염없는 생지 와이드루즈 데님,./상품이미지/바지/데님팬츠/가을용 커버밴드 이염없는 생지 와이드루즈 데님1.jpg
5,6,커버밴드 와이드 루즈 데미지워싱 데님,./상품이미지/바지/데님팬츠/커버밴드 와이드 루즈 데미지워싱 데님1.jpg
6,7,커버밴드 보이핏 스트레이트 컷팅 데님,./상품이미지/바지/데님팬츠/커버밴드 보이핏 스트레이트 컷팅 데님1.jpg
7,8,BUCKLE WIDE DENIM PANTS BLUE,./상품이미지/바지/데님팬츠/BUCKLE WIDE DENIM PANTS BLUE1.jpg
8,9,BUCKLE WIDE DENIM PANTS SELVAGEBLACK,./상품이미지/바지/데님팬츠/BUCKLE WIDE DENIM PANTS SELVAGEBLACK1.jpg
9,10,우먼즈 와이드 데님 팬츠,./상품이미지/바지/데님팬츠/우먼즈 와이드 데님 팬츠1.jpg
10,11,가을용 커버밴드 이염없는 생지 와이드루즈 데님 U,./상품이미지/바지/데님팬츠/가을용 커버밴드 이염없는 생지 와이드루즈 데님69.jpg
11,12,커버밴드 와이드 루즈 데미지워싱 데님 J,./상품이미지/바지/데님팬츠/커버밴드 와이드 루즈 데미지워싱 데님92.jpg
12,13,카펜터 카고 팬츠 블랙,./상품이미지/바지/데님팬츠/카펜터 카고 팬츠 블랙1.jpg
13,14,와이드 스트레이트 데님,./상품이미지/바지/데님팬츠/와이드 스트레이트 데님1.jpg
14,15,딥 베이직 롱 와이드 스트레이트 데님,./상품이미지/바지/데님팬츠/딥 베이직 롱 와이드 스트레이트 데님1.jpg
15,16,W50 와이드 데님 팬츠_그레이,./상품이미지/바지/데님팬츠/W50 와이드 데님 팬츠_그레이1.jpg
16,17,롤업 하이라이즈 진_인디고,./상품이미지/바지/데님팬츠/롤업 하이라이즈 진_인디고1.jpg
17,18,BUCKLE WIDE DENIM PANTS SELVAGEBLUE,./상품이미지/바지/데님팬츠/BUCKLE WIDE DENIM PANTS SELVAGEBLUE1.jpg
18,19,우먼즈 스트레이트 데님 팬츠,./상품이미지/바지/데님팬츠/우먼즈 스트레이트 데님 팬츠1.jpg
19,20,우먼즈 맘 핏 데님 팬츠,./상품이미지/바지/데님팬츠/우먼즈 맘 핏 데님 팬츠1.jpg
20,21,우먼즈 맘 핏 데님 팬츠 U,./상품이미지/바지/데님팬츠/우먼즈 맘 핏 데님 팬츠10.jpg
21,22,NOI023 스트레이트 루즈핏 데님 팬츠,./상품이미지/바지/데님팬츠/NOI023 스트레이트 루즈핏 데님 팬츠1.jpg
22,23,르닛 9106 칼라데님 팬츠 _ 미디움 인디고,./상품이미지/바지/데님팬츠/르닛 9106 칼라데님 팬츠 _ 미디움 인디고1.jpg
23,24,르닛 9106 칼라데님 팬츠 _ 그레이,./상품이미지/바지/데님팬츠/르닛 9106 칼라데님 팬츠 _ 그레이1.jpg
24,25,르닛 9106 칼라데님 팬츠 _ 블랙,./상품이미지/바지/데님팬츠/르닛 9106 칼라데님 팬츠 _ 블랙1.jpg
25,26,Dumbo Jeans Mid blue,./상품이미지/바지/데님팬츠/Dumbo Jeans Mid blue1.jpg
26,27,기모 커버밴드 하이웨스트 와이드 루즈 데님,./상품이미지/바지/데님팬츠/기모 커버밴드 하이웨스트 와이드 루즈 데님1.jpg
27,28,커버밴드 와이드 크롭 컷팅 데님,./상품이미지/바지/데님팬츠/커버밴드 와이드 크롭 컷팅 데님1.jpg
28,29,가을용 커버밴드 하이웨스트 루즈 와이드 데님,./상품이미지/바지/데님팬츠/가을용 커버밴드 하이웨스트 루즈 와이드 데님1.jpg
29,30,SI JN 6028 stretch retro bootcut jeans,./상품이미지/바지/데님팬츠/SI JN 6028 stretch retro bootcut jeans1.jpg
30,31,Buckle Jeans,./상품이미지/바지/데님팬츠/Buckle Jeans1.jpg
31,32,키르시 칼라 샌딩 팬츠,./상품이미지/바지/데님팬츠/키르시 칼라 샌딩 팬츠1.jpg
32,33,키르시 칼라 샌딩 팬츠 U,./상품이미지/바지/데님팬츠/키르시 칼라 샌딩 팬츠54.jpg
33,34,우먼즈 와이드 데님 팬츠 H,./상품이미지/바지/데님팬츠/우먼즈 와이드 데님 팬츠45.jpg
34,35,Denim Tuck Pants,./상품이미지/바지/데님팬츠/Denim Tuck Pants1.jpg
35,36,bootscut denim pant,./상품이미지/바지/데님팬츠/bootscut denim pant1.jpg
36,37,SLIM BAGGY DENIM PANTS,./상품이미지/바지/데님팬츠/SLIM BAGGY DENIM PANTS1.jpg
37,38,Lucas Jeans,./상품이미지/바지/데님팬츠/Lucas Jeans1.jpg
38,39,Cuddle Jeans,./상품이미지/바지/데님팬츠/Cuddle Jeans1.jpg
39,40,Lucy Jeans,./상품이미지/바지/데님팬츠/Lucy Jeans1.jpg
40,41,Aurora Jeans,./상품이미지/바지/데님팬츠/Aurora Jeans1.jpg
41,42,커버밴드 이염제로 생지 밑단컷팅 롱 루즈 부츠컷 데님,./상품이미지/바지/데님팬츠/커버밴드 이염제로 생지 밑단컷팅 롱 루즈 부츠컷 데님1.jpg
42,43,Glue Jeans,./상품이미지/바지/데님팬츠/Glue Jeans1.jpg
43,44,Tool Jeans,./상품이미지/바지/데님팬츠/Tool Jeans1.jpg
44,45,Trail Jeans,./상품이미지/바지/데님팬츠/Trail Jeans1.jpg
45,46,Black Jack Jeans,./상품이미지/바지/데님팬츠/Black Jack Jeans1.jpg
46,47,Wisome Jeans,./상품이미지/바지/데님팬츠/Wisome Jeans1.jpg
47,48,Reverse Block Denim Pants Light Denimreverse,./상품이미지/바지/데님팬츠/Reverse Block Denim Pants Light Denimreverse1.jpg
48,49,Via Denim,./상품이미지/바지/데님팬츠/Via Denim1.jpg
49,50,스카이 블루 턴업 데님 팬츠_와이드핏,./상품이미지/바지/데님팬츠/스카이 블루 턴업 데님 팬츠_와이드핏1.jpg
50,51,스카이 블루 롱 워싱 데님 팬츠_루즈 스트레이트핏,./상품이미지/바지/데님팬츠/스카이 블루 롱 워싱 데님 팬츠_루즈 스트레이트핏1.jpg
51,52,아이보리 롱 데님 팬츠_맘핏,./상품이미지/바지/데님팬츠/아이보리 롱 데님 팬츠_맘핏1.jpg
52,53,네이비 롱 워싱 데님 팬츠_루즈 스트레이트핏,./상품이미지/바지/데님팬츠/네이비 롱 워싱 데님 팬츠_루즈 스트레이트핏1.jpg
53,54,슬림핏 데님팬츠_1color,./상품이미지/바지/데님팬츠/슬림핏 데님팬츠_1color1.jpg
54,55,Sunrise Jeans Orange,./상품이미지/바지/데님팬츠/Sunrise Jeans Orange1.jpg
55,56,Wrinkle Jeans,./상품이미지/바지/데님팬츠/Wrinkle Jeans1.jpg
56,57,Sunrise Jeans Blue,./상품이미지/바지/데님팬츠/Sunrise Jeans Blue1.jpg
57,58,Reverse Block Denim Pants Indigo Denimreverse,./상품이미지/바지/데님팬츠/Reverse Block Denim Pants Indigo Denimreverse1.jpg
58,59,라벤더 인심 트임 데님팬츠_스트레이트핏,./상품이미지/바지/데님팬츠/라벤더 인심 트임 데님팬츠_스트레이트핏1.jpg
59,60,Surreal Jeans,./상품이미지/바지/데님팬츠/Surreal Jeans1.jpg
60,61,르닛 9102 하이라이즈 와이드 데님팬츠_다크 그레이,./상품이미지/바지/데님팬츠/르닛 9102 하이라이즈 와이드 데님팬츠_다크 그레이1.jpg
61,62,Until Jeans,./상품이미지/바지/데님팬츠/Until Jeans1.jpg
62,63,Mid Jeans,./상품이미지/바지/데님팬츠/Mid Jeans1.jpg
63,64,우먼즈 맘 핏 데님 팬츠 E,./상품이미지/바지/데님팬츠/우먼즈 맘 핏 데님 팬츠61.jpg
64,65,스트레이트 세미 와이드 피그먼트 데님_pink,./상품이미지/바지/데님팬츠/스트레이트 세미 와이드 피그먼트 데님_pink1.jpg
65,66,우먼즈 스트레이트 데님 팬츠 S,./상품이미지/바지/데님팬츠/우먼즈 스트레이트 데님 팬츠37.jpg
66,67,W 카버 7801 하이웨이스트 세미와이드핏 미디움인디고 데님팬츠,./상품이미지/바지/데님팬츠/W 카버 7801 하이웨이스트 세미와이드핏 미디움인디고 데님팬츠1.jpg
67,68,우먼즈 스트레이트 데님 팬츠 J,./상품이미지/바지/데님팬츠/우먼즈 스트레이트 데님 팬츠82.jpg
68,69,W50 와이드 데님 팬츠_흑청,./상품이미지/바지/데님팬츠/W50 와이드 데님 팬츠_흑청1.jpg
69,70,NOI446 세미 와이드 부츠컷 데님 팬츠,./상품이미지/바지/데님팬츠/NOI446 세미 와이드 부츠컷 데님 팬츠1.jpg
70,71,컷팅 배색 와이드 데님 팬츠_LIGHT BLUE,./상품이미지/바지/데님팬츠/컷팅 배색 와이드 데님 팬츠_LIGHT BLUE1.jpg
71,72,시크릿밴드 라이트워싱 컷팅슬림부츠컷 팬츠,./상품이미지/바지/데님팬츠/시크릿밴드 라이트워싱 컷팅슬림부츠컷 팬츠1.jpg
72,73,라이트 베이직 롱 와이드 스트레이트 데님,./상품이미지/바지/데님팬츠/라이트 베이직 롱 와이드 스트레이트 데님1.jpg
73,74,Smog jeans,./상품이미지/바지/데님팬츠/Smog jeans1.jpg
74,75,PANACEA DENIM PANTS,./상품이미지/바지/데님팬츠/PANACEA DENIM PANTS1.jpg
75,76,Liar jeans,./상품이미지/바지/데님팬츠/Liar jeans1.jpg
76,77,키르시 하이웨스트 코팅 데님 팬츠,./상품이미지/바지/데님팬츠/키르시 하이웨스트 코팅 데님 팬츠1.jpg
77,78,Row Crop Jeans,./상품이미지/바지/데님팬츠/Row Crop Jeans1.jpg
78,79,PANACEA DENIM PANTS S,./상품이미지/바지/데님팬츠/PANACEA DENIM PANTS91.jpg
79,80,우먼즈 스트레이트 데님 팬츠 R,./상품이미지/바지/데님팬츠/우먼즈 스트레이트 데님 팬츠11.jpg
80,81,여성 히든밴딩 부츠컷 에어진BBRG2357C0D,./상품이미지/바지/데님팬츠/여성 히든밴딩 부츠컷 에어진BBRG2357C0D1.jpg
81,82,여성 히든밴딩 컴포트 에어진BBRG2355C0N,./상품이미지/바지/데님팬츠/여성 히든밴딩 컴포트 에어진BBRG2355C0N1.jpg
82,83,EDGE HEM WIDE_INDIGO,./상품이미지/바지/데님팬츠/EDGE HEM WIDE_INDIGO1.jpg
83,84,CUT OUT POCKET PANTS_MIDIUMINDIGO,./상품이미지/바지/데님팬츠/CUT OUT POCKET PANTS_MIDIUMINDIGO1.jpg
84,85,LIBERTY WIDE PANTS_MINT,./상품이미지/바지/데님팬츠/LIBERTY WIDE PANTS_MINT1.jpg
85,86,LIBERTY WIDE PANTS_BLUE,./상품이미지/바지/데님팬츠/LIBERTY WIDE PANTS_BLUE1.jpg
86,87,Road jeans,./상품이미지/바지/데님팬츠/Road jeans1.jpg
87,88,키르시 하이웨스트 코팅 데님 팬츠 G,./상품이미지/바지/데님팬츠/키르시 하이웨스트 코팅 데님 팬츠20.jpg
88,89,Mars jeans,./상품이미지/바지/데님팬츠/Mars jeans1.jpg
89,90,키르시 와이드 데님 팬츠,./상품이미지/바지/데님팬츠/키르시 와이드 데님 팬츠1.jpg
90,91,BASIC HALF PANTS,./상품이미지/바지/반바지/BASIC HALF PANTS1.jpg
91,92,SWEAT SHORTS MARCHE EMBLEM_OATMEAL BLACK,./상품이미지/바지/반바지/SWEAT SHORTS MARCHE EMBLEM_OATMEAL BLACK1.jpg
92,93,트래블러 쇼츠_써머패키지,./상품이미지/바지/반바지/트래블러 쇼츠_써머패키지1.jpg
93,94,SWEAT SHORTS MARCHE EMBLEM_NAVY CREAM,./상품이미지/바지/반바지/SWEAT SHORTS MARCHE EMBLEM_NAVY CREAM1.jpg
94,95,Terry Sweat Shorts_Light Gray,./상품이미지/바지/반바지/Terry Sweat Shorts_Light Gray1.jpg
95,96,Terry Sweat Shorts_Blue,./상품이미지/바지/반바지/Terry Sweat Shorts_Blue1.jpg
96,97,베이직 여성 여자 프렌치테리 반바지 DH9662010,./상품이미지/바지/반바지/베이직 여성 여자 프렌치테리 반바지 DH96620101.jpg
97,98,블랑시 바이커 수트 팬츠 젠 블랙,./상품이미지/바지/반바지/블랑시 바이커 수트 팬츠 젠 블랙1.jpg
98,99,베이직 여성 여자 프렌치테리 반바지 DH9662008,./상품이미지/바지/반바지/베이직 여성 여자 프렌치테리 반바지 DH96620081.jpg
99,100,여성 바스키아 왕관 로고 팬츠 블랙 FMBPT783FBK,./상품이미지/바지/반바지/여성 바스키아 왕관 로고 팬츠 블랙 FMBPT783FBK1.jpg
100,101,우븐 플로우 여성 여자 트레이닝 쇼츠 반바지 DA0855658,./상품이미지/바지/반바지/우븐 플로우 여성 여자 트레이닝 쇼츠 반바지 DA08556581.jpg
101,102,클럽 플리스 여성 여자 쇼츠 반바지 CK0509010,./상품이미지/바지/반바지/클럽 플리스 여성 여자 쇼츠 반바지 CK05090101.jpg
102,103,여성 바스키아 왕관 로고 팬츠 라이트그레이 FMBPT783FLGY,./상품이미지/바지/반바지/여성 바스키아 왕관 로고 팬츠 라이트그레이 FMBPT783FLGY1.jpg
103,104,우븐 플로우 여성 트레이닝 쇼츠 반바지 DA0855010,./상품이미지/바지/반바지/우븐 플로우 여성 트레이닝 쇼츠 반바지 DA08550101.jpg
104,105,Wave Short Khaki,./상품이미지/바지/반바지/Wave Short Khaki1.jpg
105,106,Wave Short Beige,./상품이미지/바지/반바지/Wave Short Beige1.jpg
106,107,Wave Short Blue,./상품이미지/바지/반바지/Wave Short Blue1.jpg
107,108,데프 라인 하프 쇼츠 멜란지그레이,./상품이미지/바지/반바지/데프 라인 하프 쇼츠 멜란지그레이1.jpg
108,109,데프 라인 하프 쇼츠 딥스카이,./상품이미지/바지/반바지/데프 라인 하프 쇼츠 딥스카이1.jpg
109,110,데프 라인 하프 쇼츠 블랙,./상품이미지/바지/반바지/데프 라인 하프 쇼츠 블랙1.jpg
110,111,SI PT 7042 fake leather bermuda pants_Ash beige,./상품이미지/바지/반바지/SI PT 7042 fake leather bermuda pants_Ash beige1.jpg
111,112,여성 트리코트 7부_EM2FAPH504,./상품이미지/바지/반바지/여성 트리코트 7부_EM2FAPH5041.jpg
112,113,여성 미키 마우스 5부 반바지 아이보리 FMBPT786FIV,./상품이미지/바지/반바지/여성 미키 마우스 5부 반바지 아이보리 FMBPT786FIV1.jpg
113,114,SI SKN 2022 knit biker shorts_Oatmeal,./상품이미지/바지/반바지/SI SKN 2022 knit biker shorts_Oatmeal1.jpg
114,115,여성 미키 마우스 5부 반바지 민트 FMBPT786FMT,./상품이미지/바지/반바지/여성 미키 마우스 5부 반바지 민트 FMBPT786FMT1.jpg
115,116,여성 트리코트 반바지_EM2FAPH502,./상품이미지/바지/반바지/여성 트리코트 반바지_EM2FAPH5021.jpg
116,117,SI SKN 2022 knit biker shorts_Chili red,./상품이미지/바지/반바지/SI SKN 2022 knit biker shorts_Chili red1.jpg
117,118,여성 미키 마우스 5부 반바지 라이트핑크 FMBPT786FLPK,./상품이미지/바지/반바지/여성 미키 마우스 5부 반바지 라이트핑크 FMBPT786FLPK1.jpg
118,119,SI SKN 2022 knit biker shorts_Black,./상품이미지/바지/반바지/SI SKN 2022 knit biker shorts_Black1.jpg
119,120,여성 미키 마우스 5부 반바지 블랙 FMBPT786FBK,./상품이미지/바지/반바지/여성 미키 마우스 5부 반바지 블랙 FMBPT786FBK1.jpg
120,121,SI PT 7042 fake leather bermuda pants_Black,./상품이미지/바지/반바지/SI PT 7042 fake leather bermuda pants_Black1.jpg
121,122,SI JN 6030 color denim shorts_Ivory,./상품이미지/바지/반바지/SI JN 6030 color denim shorts_Ivory1.jpg
122,123,SI JN 6030 color denim shorts_Dusty pink,./상품이미지/바지/반바지/SI JN 6030 color denim shorts_Dusty pink1.jpg
123,124,데프 라인 하프 쇼츠 그레이,./상품이미지/바지/반바지/데프 라인 하프 쇼츠 그레이1.jpg
124,125,데프 라인 숏 팬츠 멜란지그레이,./상품이미지/바지/반바지/데프 라인 숏 팬츠 멜란지그레이1.jpg
125,126,데프 라인 숏 팬츠 시티그린,./상품이미지/바지/반바지/데프 라인 숏 팬츠 시티그린1.jpg
126,127,Afternoonlive Short,./상품이미지/바지/반바지/Afternoonlive Short1.jpg
127,128,Afternoonlive Short P,./상품이미지/바지/반바지/Afternoonlive Short26.jpg
128,129,데프 라인 숏 팬츠 딥스카이,./상품이미지/바지/반바지/데프 라인 숏 팬츠 딥스카이1.jpg
129,130,셋업 쇼트 팬츠,./상품이미지/바지/반바지/셋업 쇼트 팬츠1.jpg
130,131,ELASTICATED WAIST SHORTS CC,./상품이미지/바지/반바지/ELASTICATED WAIST SHORTS CC1.jpg
131,132,실루엣 로고 복서 쇼츠 스웨트팬츠 화이트멜란지,./상품이미지/바지/반바지/실루엣 로고 복서 쇼츠 스웨트팬츠 화이트멜란지1.jpg
132,133,블랙 셋업 쇼트 팬츠,./상품이미지/바지/반바지/블랙 셋업 쇼트 팬츠1.jpg
133,134,데이지 블랙 12 팬츠,./상품이미지/바지/반바지/데이지 블랙 12 팬츠1.jpg
134,135,Cutting Half denim Mid blue,./상품이미지/바지/반바지/Cutting Half denim Mid blue1.jpg
135,136,테크 쇼츠_그레이,./상품이미지/바지/반바지/테크 쇼츠_그레이1.jpg
136,137,PINTUCK BERMUDA PANTS_CREAM,./상품이미지/바지/반바지/PINTUCK BERMUDA PANTS_CREAM1.jpg
137,138,PINTUCK BERMUDA PANTS_DARK GRAY,./상품이미지/바지/반바지/PINTUCK BERMUDA PANTS_DARK GRAY1.jpg
138,139,드라이 핏 쿨 트레이닝 4부 쇼츠 DBF2S8016 3colors,./상품이미지/바지/반바지/드라이 핏 쿨 트레이닝 4부 쇼츠 DBF2S8016 3colors1.jpg
139,140,22SS FLAVOUR SHORTS PANTS _02,./상품이미지/바지/반바지/22SS FLAVOUR SHORTS PANTS _021.jpg
140,141,22SS FLAVOUR SHORTS PANTS _01,./상품이미지/바지/반바지/22SS FLAVOUR SHORTS PANTS _011.jpg
141,142,22SS FLAVOUR SHORTS PANTS _04,./상품이미지/바지/반바지/22SS FLAVOUR SHORTS PANTS _041.jpg
142,143,22SS FLAVOUR SHORTS PANTS _03,./상품이미지/바지/반바지/22SS FLAVOUR SHORTS PANTS _031.jpg
143,144,여성 우븐 바이커쇼츠,./상품이미지/바지/반바지/여성 우븐 바이커쇼츠1.jpg
144,145,테리 숏 팬츠 그린,./상품이미지/바지/반바지/테리 숏 팬츠 그린1.jpg
145,146,테리 숏 팬츠 핑크,./상품이미지/바지/반바지/테리 숏 팬츠 핑크1.jpg
146,147,여성 골지 니트 4부 반바지,./상품이미지/바지/반바지/여성 골지 니트 4부 반바지1.jpg
147,148,피그먼트 우먼스 쇼츠 핑크,./상품이미지/바지/반바지/피그먼트 우먼스 쇼츠 핑크1.jpg
148,149,JS SPORTS X 리치리치 4부 우븐 반바지,./상품이미지/바지/반바지/JS SPORTS X 리치리치 4부 우븐 반바지1.jpg
149,150,피그먼트 우먼스 쇼츠 차콜,./상품이미지/바지/반바지/피그먼트 우먼스 쇼츠 차콜1.jpg
150,151,KODACOLOR 워싱 니트 숏팬츠 우먼 IVORY,./상품이미지/바지/반바지/KODACOLOR 워싱 니트 숏팬츠 우먼 IVORY1.jpg
151,152,컬러 코듀로이 쇼츠 2컬러,./상품이미지/바지/반바지/컬러 코듀로이 쇼츠 2컬러1.jpg
152,153,오션플랜트 스티치 숏츠,./상품이미지/바지/반바지/오션플랜트 스티치 숏츠1.jpg
153,154,Azuer Light Blue,./상품이미지/바지/반바지/Azuer Light Blue1.jpg
154,155,Azuer Dark Blue,./상품이미지/바지/반바지/Azuer Dark Blue1.jpg
155,156,드라이핏 스우시 심플 5부 밴딩 반바지,./상품이미지/바지/반바지/드라이핏 스우시 심플 5부 밴딩 반바지1.jpg
156,157,Terry Short Charcoal,./상품이미지/바지/반바지/Terry Short Charcoal1.jpg
157,158,NSW 에센셜 쇼츠,./상품이미지/바지/반바지/NSW 에센셜 쇼츠1.jpg
158,159,KODACOLOR 워싱 니트 숏팬츠 우먼 KHAKI,./상품이미지/바지/반바지/KODACOLOR 워싱 니트 숏팬츠 우먼 KHAKI1.jpg
159,160,3 스트라이프 숏 팬츠 블랙 GN2885,./상품이미지/바지/반바지/3 스트라이프 숏 팬츠 블랙 GN28851.jpg
160,161,우먼즈 라운지 쇼츠,./상품이미지/바지/반바지/우먼즈 라운지 쇼츠1.jpg
161,162,KODACOLOR 워싱 니트 숏팬츠 우먼 CHARCOAL,./상품이미지/바지/반바지/KODACOLOR 워싱 니트 숏팬츠 우먼 CHARCOAL1.jpg
162,163,W SLIMFIT SHORTS _ R21WCP51BK,./상품이미지/바지/반바지/W SLIMFIT SHORTS _ R21WCP51BK1.jpg
163,164,W SLIMFIT SHORTS _ R21WCP51WH,./상품이미지/바지/반바지/W SLIMFIT SHORTS _ R21WCP51WH1.jpg
164,165,Waffle Check Short Black,./상품이미지/바지/반바지/Waffle Check Short Black1.jpg
165,166,판다와 나일론 팬츠 PANDAWA NYLON PANTS,./상품이미지/바지/반바지/판다와 나일론 팬츠 PANDAWA NYLON PANTS1.jpg
166,167,Half jeans,./상품이미지/바지/반바지/Half jeans1.jpg
167,168,Waffle Check Short Mustard,./상품이미지/바지/반바지/Waffle Check Short Mustard1.jpg
168,169,Jacquard Flower Sweatshort Black,./상품이미지/바지/반바지/Jacquard Flower Sweatshort Black1.jpg
169,170,PINTUCK BERMUDA PANTS navy,./상품이미지/바지/반바지/PINTUCK BERMUDA PANTS navy1.jpg
170,171,WAFFLE SHORTS_GREEN WHITE,./상품이미지/바지/반바지/WAFFLE SHORTS_GREEN WHITE1.jpg
171,172,TYCHE SHORTS,./상품이미지/바지/반바지/TYCHE SHORTS1.jpg
172,173,TYCHE SHORTS S,./상품이미지/바지/반바지/TYCHE SHORTS47.jpg
173,174,DNA 모노그램 수채화 트랙 하프팬츠 퍼플,./상품이미지/바지/반바지/DNA 모노그램 수채화 트랙 하프팬츠 퍼플1.png
174,175,KODACOLOR 워싱 니트 숏팬츠 우먼 RED,./상품이미지/바지/반바지/KODACOLOR 워싱 니트 숏팬츠 우먼 RED1.jpg
175,176,판다와 나일론 숏팬츠 PANDAWA WOMANS NYLON PANTS,./상품이미지/바지/반바지/판다와 나일론 숏팬츠 PANDAWA WOMANS NYLON PANTS1.jpg
176,177,키르시 버뮤다 팬츠,./상품이미지/바지/반바지/키르시 버뮤다 팬츠1.jpg
177,178,PINTUCK BERMUDA PANTS ivory,./상품이미지/바지/반바지/PINTUCK BERMUDA PANTS ivory1.jpg
178,179,키르시 버뮤다 팬츠 K,./상품이미지/바지/반바지/키르시 버뮤다 팬츠91.jpg
179,180,Basic Shorts Gray,./상품이미지/바지/반바지/Basic Shorts Gray1.jpg
180,181,유니섹스 세미 와이드 밴딩 슬랙스,./상품이미지/바지/슬랙스/유니섹스 세미 와이드 밴딩 슬랙스1.jpg
181,182,우먼즈 슬림 스트레이트 히든 밴딩 슬랙스,./상품이미지/바지/슬랙스/우먼즈 슬림 스트레이트 히든 밴딩 슬랙스1.jpg
182,183,우먼즈 플루이드 슬림 스트레이트 슬랙스,./상품이미지/바지/슬랙스/우먼즈 플루이드 슬림 스트레이트 슬랙스1.jpg
183,184,Semi Wide Hidden Banding Slacks,./상품이미지/바지/슬랙스/Semi Wide Hidden Banding Slacks1.jpg
184,185,우먼즈 배기 테이퍼드 히든 밴딩 슬랙스,./상품이미지/바지/슬랙스/우먼즈 배기 테이퍼드 히든 밴딩 슬랙스1.jpg
185,186,우먼즈 플루이드 세미 부츠 컷 슬랙스,./상품이미지/바지/슬랙스/우먼즈 플루이드 세미 부츠 컷 슬랙스1.jpg
186,187,우먼즈 플루이드 와이드 슬랙스,./상품이미지/바지/슬랙스/우먼즈 플루이드 와이드 슬랙스1.jpg
187,188,우먼즈 플루이드 와이드 슬랙스 U,./상품이미지/바지/슬랙스/우먼즈 플루이드 와이드 슬랙스68.jpg
188,189,슬릿 와이드 밴딩 슬랙스,./상품이미지/바지/슬랙스/슬릿 와이드 밴딩 슬랙스1.jpg
189,190,우먼즈 리얼 와이드 벨티드 슬랙스,./상품이미지/바지/슬랙스/우먼즈 리얼 와이드 벨티드 슬랙스1.jpg
190,191,유니섹스 스트레이트 크롭 밴딩 슬랙스,./상품이미지/바지/슬랙스/유니섹스 스트레이트 크롭 밴딩 슬랙스1.jpg
191,192,파르마 와이드 팬츠 비터 블랙,./상품이미지/바지/슬랙스/파르마 와이드 팬츠 비터 블랙1.jpg
192,193,파르마 와이드 팬츠 딥 그린,./상품이미지/바지/슬랙스/파르마 와이드 팬츠 딥 그린1.jpg
193,194,루시 더블 핀턱 팬츠_블랙,./상품이미지/바지/슬랙스/루시 더블 핀턱 팬츠_블랙1.jpg
194,195,2108 세미 와이드 팬츠 _ 다크 그레이,./상품이미지/바지/슬랙스/2108 세미 와이드 팬츠 _ 다크 그레이1.jpg
195,196,루시 더블 핀턱 팬츠_차콜,./상품이미지/바지/슬랙스/루시 더블 핀턱 팬츠_차콜1.jpg
196,197,파르마 와이드 팬츠 체크 그레이,./상품이미지/바지/슬랙스/파르마 와이드 팬츠 체크 그레이1.jpg
197,198,여성 허리 밴딩 슬랙스 팬츠 블랙 FMBPT711FBK,./상품이미지/바지/슬랙스/여성 허리 밴딩 슬랙스 팬츠 블랙 FMBPT711FBK1.jpg
198,199,2108 세미 와이드 팬츠 _ 블랙,./상품이미지/바지/슬랙스/2108 세미 와이드 팬츠 _ 블랙1.jpg
199,200,여성 EBAND 슬랙스 밴딩 팬츠 베이지 FMBPT713FBE,./상품이미지/바지/슬랙스/여성 EBAND 슬랙스 밴딩 팬츠 베이지 FMBPT713FBE1.jpg
200,201,여성 EBAND 슬랙스 밴딩 팬츠 블랙 FMBPT713FBK,./상품이미지/바지/슬랙스/여성 EBAND 슬랙스 밴딩 팬츠 블랙 FMBPT713FBK1.jpg
201,202,B테이퍼드 밴딩 슬랙스,./상품이미지/바지/슬랙스/B테이퍼드 밴딩 슬랙스1.jpg
202,203,커버밴드 세미 와이드 루즈 부츠컷 슬랙스,./상품이미지/바지/슬랙스/커버밴드 세미 와이드 루즈 부츠컷 슬랙스1.jpg
203,204,Kenzie Slacks Beige,./상품이미지/바지/슬랙스/Kenzie Slacks Beige1.jpg
204,205,SI PT 7041 tailored bootcut trousers_Charcoal,./상품이미지/바지/슬랙스/SI PT 7041 tailored bootcut trousers_Charcoal1.jpg
205,206,SI PT 7043 tailored straightfit trousers_Black,./상품이미지/바지/슬랙스/SI PT 7043 tailored straightfit trousers_Black1.jpg
206,207,SI PT 7043 tailored straightfit trousers_Charcoal,./상품이미지/바지/슬랙스/SI PT 7043 tailored straightfit trousers_Charcoal1.jpg
207,208,SI PT 7041 tailored bootcut trousers_Navy,./상품이미지/바지/슬랙스/SI PT 7041 tailored bootcut trousers_Navy1.jpg
208,209,SI PT 7041 tailored bootcut trousers_Ash beige,./상품이미지/바지/슬랙스/SI PT 7041 tailored bootcut trousers_Ash beige1.jpg
209,210,루시 더블 핀턱 팬츠_옐로우,./상품이미지/바지/슬랙스/루시 더블 핀턱 팬츠_옐로우1.jpg
210,211,우먼즈 와이드 히든 밴딩 슬랙스,./상품이미지/바지/슬랙스/우먼즈 와이드 히든 밴딩 슬랙스1.jpg
211,212,Kenzie Slacks Cream,./상품이미지/바지/슬랙스/Kenzie Slacks Cream1.jpg
212,213,Kenzie Slacks Black,./상품이미지/바지/슬랙스/Kenzie Slacks Black1.jpg
213,214,루시 더블 핀턱 팬츠_아이보리,./상품이미지/바지/슬랙스/루시 더블 핀턱 팬츠_아이보리1.jpg
214,215,Basic Pants,./상품이미지/바지/슬랙스/Basic Pants1.jpg
215,216,single wide trouser_black,./상품이미지/바지/슬랙스/single wide trouser_black1.jpg
216,217,setup trouser_mint gray,./상품이미지/바지/슬랙스/setup trouser_mint gray1.jpg
217,218,슈프림 쓰리턱 밴딩 와이드 팬츠,./상품이미지/바지/슬랙스/슈프림 쓰리턱 밴딩 와이드 팬츠1.jpg
218,219,WOOL BLEND LONG WIDE SLACKS_GREY,./상품이미지/바지/슬랙스/WOOL BLEND LONG WIDE SLACKS_GREY1.jpg
219,220,Wideleg Trouser Pale khaki,./상품이미지/바지/슬랙스/Wideleg Trouser Pale khaki1.jpg
220,221,MOCHA PANTS,./상품이미지/바지/슬랙스/MOCHA PANTS1.jpg
221,222,Wideleg Trouser Black,./상품이미지/바지/슬랙스/Wideleg Trouser Black1.jpg
222,223,셀러리 밴딩 팬츠 _3컬러,./상품이미지/바지/슬랙스/셀러리 밴딩 팬츠 _3컬러1.jpg
223,224,하이웨스트 벨티드 와이드 팬츠 SWSLME4000,./상품이미지/바지/슬랙스/하이웨스트 벨티드 와이드 팬츠 SWSLME40001.jpg
224,225,우먼즈 플루이드 슬림 스트레이트 슬랙스 U,./상품이미지/바지/슬랙스/우먼즈 플루이드 슬림 스트레이트 슬랙스38.jpg
225,226,Wideleg Trouser Lilac pink,./상품이미지/바지/슬랙스/Wideleg Trouser Lilac pink1.jpg
226,227,빔레 와이드 팬츠 블랙,./상품이미지/바지/슬랙스/빔레 와이드 팬츠 블랙1.jpg
227,228,2112 세미 와이드 팬츠_ 베이지,./상품이미지/바지/슬랙스/2112 세미 와이드 팬츠_ 베이지1.jpg
228,229,빔레 와이드 팬츠 아이보리,./상품이미지/바지/슬랙스/빔레 와이드 팬츠 아이보리1.jpg
229,230,Signature Mood Slacks,./상품이미지/바지/슬랙스/Signature Mood Slacks1.jpg
230,231,2112 세미 와이드 팬츠_ 블랙,./상품이미지/바지/슬랙스/2112 세미 와이드 팬츠_ 블랙1.jpg
231,232,STRAIGHT PINTUCK SLACKS,./상품이미지/바지/슬랙스/STRAIGHT PINTUCK SLACKS1.jpg
232,233,URBAN CHIC WIDE PANTS_BEIGE,./상품이미지/바지/슬랙스/URBAN CHIC WIDE PANTS_BEIGE1.jpg
233,234,Edge slacks_BK,./상품이미지/바지/슬랙스/Edge slacks_BK1.jpg
234,235,URBAN CHIC WIDE PANTS_BLACK,./상품이미지/바지/슬랙스/URBAN CHIC WIDE PANTS_BLACK1.jpg
235,236,Edge slacks_IV,./상품이미지/바지/슬랙스/Edge slacks_IV1.jpg
236,237,Edge slacks_BE,./상품이미지/바지/슬랙스/Edge slacks_BE1.jpg
237,238,STITCH CHECK SLACKS,./상품이미지/바지/슬랙스/STITCH CHECK SLACKS1.jpg
238,239,하이웨스트 세미 롱 슬랙스 팬츠,./상품이미지/바지/슬랙스/하이웨스트 세미 롱 슬랙스 팬츠1.jpg
239,240,울 블렌디드 원턱 와이드 팬츠,./상품이미지/바지/슬랙스/울 블렌디드 원턱 와이드 팬츠1.jpg
240,241,Basic Straight Trousers Charcoal,./상품이미지/바지/슬랙스/Basic Straight Trousers Charcoal1.jpg
241,242,TWO TUCK WIDE WOOL PANTS GREY,./상품이미지/바지/슬랙스/TWO TUCK WIDE WOOL PANTS GREY1.jpg
242,243,TWO TUCK WIDE WOOL PANTS BLACK,./상품이미지/바지/슬랙스/TWO TUCK WIDE WOOL PANTS BLACK1.jpg
243,244,Basic Straight Trousers Gray,./상품이미지/바지/슬랙스/Basic Straight Trousers Gray1.jpg
244,245,LowWaist One Tuck Trousers Charcoal,./상품이미지/바지/슬랙스/LowWaist One Tuck Trousers Charcoal1.jpg
245,246,Front Pleated Trousers Black,./상품이미지/바지/슬랙스/Front Pleated Trousers Black1.jpg
246,247,HighRise Pleated Trousers Brown,./상품이미지/바지/슬랙스/HighRise Pleated Trousers Brown1.jpg
247,248,노멀 코튼 슬랙스 소프트 핑크,./상품이미지/바지/슬랙스/노멀 코튼 슬랙스 소프트 핑크1.jpg
248,249,Front Pleated Trousers Beige,./상품이미지/바지/슬랙스/Front Pleated Trousers Beige1.jpg
249,250,르닛 2111 와이드 밴딩 팬츠 _ 블랙,./상품이미지/바지/슬랙스/르닛 2111 와이드 밴딩 팬츠 _ 블랙1.jpg
250,251,LowWaist One Tuck Trousers Cream,./상품이미지/바지/슬랙스/LowWaist One Tuck Trousers Cream1.jpg
251,252,HighRise Pleated Trousers Ivory,./상품이미지/바지/슬랙스/HighRise Pleated Trousers Ivory1.jpg
252,253,와이드 핀턱 슬랙스 화이트,./상품이미지/바지/슬랙스/와이드 핀턱 슬랙스 화이트1.jpg
253,254,LowWaist One Tuck Trousers Beige,./상품이미지/바지/슬랙스/LowWaist One Tuck Trousers Beige1.jpg
254,255,HighRise Pleated Trousers Beige,./상품이미지/바지/슬랙스/HighRise Pleated Trousers Beige1.jpg
255,256,투버튼 사이드 슬릿 슬랙스 SWSLME4100,./상품이미지/바지/슬랙스/투버튼 사이드 슬릿 슬랙스 SWSLME41001.jpg
256,257,우먼즈 슬림 스트레이트 히든 밴딩 슬랙스 N,./상품이미지/바지/슬랙스/우먼즈 슬림 스트레이트 히든 밴딩 슬랙스25.jpg
257,258,세미 부츠컷 슬랙스 MPT123  4color,./상품이미지/바지/슬랙스/세미 부츠컷 슬랙스 MPT123  4color1.jpg
258,259,Kower Slim Wide Pants,./상품이미지/바지/슬랙스/Kower Slim Wide Pants1.jpg
259,260,Viming Pants,./상품이미지/바지/슬랙스/Viming Pants1.jpg
260,261,Cleven Pants,./상품이미지/바지/슬랙스/Cleven Pants1.jpg
261,262,Capella Pants,./상품이미지/바지/슬랙스/Capella Pants1.jpg
262,263,Sandra pin tuck pants_light beige,./상품이미지/바지/슬랙스/Sandra pin tuck pants_light beige1.jpg
263,264,by double stitch pants_Black,./상품이미지/바지/슬랙스/by double stitch pants_Black1.jpg
264,265,Sandra pin tuck pants_Dark navy,./상품이미지/바지/슬랙스/Sandra pin tuck pants_Dark navy1.jpg
265,266,by double stitch pants_Beige,./상품이미지/바지/슬랙스/by double stitch pants_Beige1.jpg
266,267,Elle pin tuck pants _black,./상품이미지/바지/슬랙스/Elle pin tuck pants _black1.jpg
267,268,Bose wrap pants_Black,./상품이미지/바지/슬랙스/Bose wrap pants_Black1.jpg
268,269,Elle pin tuck pants _beige,./상품이미지/바지/슬랙스/Elle pin tuck pants _beige1.jpg
269,270,Marron wide pants_Beige,./상품이미지/바지/슬랙스/Marron wide pants_Beige1.jpg
270,271,스트라이프 롱슬리브 블랙,./상품이미지/상의/긴팔/스트라이프 롱슬리브 블랙1.jpg
271,272,NYC LOCATION LONG SLEEVE TSHIRTS,./상품이미지/상의/긴팔/NYC LOCATION LONG SLEEVE TSHIRTS1.jpg
272,273,우먼즈 릴렉스드 크루 넥 긴팔 티셔츠,./상품이미지/상의/긴팔/우먼즈 릴렉스드 크루 넥 긴팔 티셔츠1.jpg
273,274,베이직 레이어드 티셔츠,./상품이미지/상의/긴팔/베이직 레이어드 티셔츠1.jpg
274,275,빅 트위치 루즈핏 롱 슬리브 화이트,./상품이미지/상의/긴팔/빅 트위치 루즈핏 롱 슬리브 화이트1.jpg
275,276,우먼즈 릴렉스드 크루 넥 긴팔 티셔츠 C,./상품이미지/상의/긴팔/우먼즈 릴렉스드 크루 넥 긴팔 티셔츠35.jpg
276,277,롱슬리브 헤비 오버핏 스크레치 로고R 블랙,./상품이미지/상의/긴팔/롱슬리브 헤비 오버핏 스크레치 로고R 블랙1.jpg
277,278,우먼즈 릴렉스드 크루 넥 긴팔 티셔츠 E,./상품이미지/상의/긴팔/우먼즈 릴렉스드 크루 넥 긴팔 티셔츠79.jpg
278,279,포인트 오버핏 롱티셔츠,./상품이미지/상의/긴팔/포인트 오버핏 롱티셔츠1.gif
279,280,빅 트위치 루즈핏 롱 슬리브 블랙,./상품이미지/상의/긴팔/빅 트위치 루즈핏 롱 슬리브 블랙1.jpg
280,281,R.D LONG SLEEVE TEE BLACK,./상품이미지/상의/긴팔/R.D LONG SLEEVE TEE BLACK1.jpg
281,282,스트라이프 와펜 로고 롱슬리브 네이비그린,./상품이미지/상의/긴팔/스트라이프 와펜 로고 롱슬리브 네이비그린1.jpg
282,283,스트라이프 롱슬리브 블루,./상품이미지/상의/긴팔/스트라이프 롱슬리브 블루1.jpg
283,284,DAILY HALF TURTLE NECK TSHIRTS,./상품이미지/상의/긴팔/DAILY HALF TURTLE NECK TSHIRTS1.jpg
284,285,에센셜 2PACK 롱슬리브,./상품이미지/상의/긴팔/에센셜 2PACK 롱슬리브1.jpg
285,286,스퀘어넥 긴팔 티셔츠,./상품이미지/상의/긴팔/스퀘어넥 긴팔 티셔츠1.jpg
286,287,RLL201  멀티 로고 롱슬리브 화이트,./상품이미지/상의/긴팔/RLL201  멀티 로고 롱슬리브 화이트1.jpg
287,288,포인트 서클 롱티셔츠 5color,./상품이미지/상의/긴팔/포인트 서클 롱티셔츠 5color1.jpg
288,289,Slim Turtleneck Top_Black,./상품이미지/상의/긴팔/Slim Turtleneck Top_Black1.jpg
289,290,슬림 터틀넥 탑,./상품이미지/상의/긴팔/슬림 터틀넥 탑1.jpg
290,291,터틀넥 슬림 탑_아이보리,./상품이미지/상의/긴팔/터틀넥 슬림 탑_아이보리1.jpg
291,292,TAG KEEP LONGSLEEVE ASH,./상품이미지/상의/긴팔/TAG KEEP LONGSLEEVE ASH1.jpg
292,293,롱슬리브 헤비 오버핏 스트라이프 단가라 블랙,./상품이미지/상의/긴팔/롱슬리브 헤비 오버핏 스트라이프 단가라 블랙1.jpg
293,294,Slim Turtleneck Top_Ivory,./상품이미지/상의/긴팔/Slim Turtleneck Top_Ivory1.jpg
294,295,DAILY TURTLE NECK TSHIRTS,./상품이미지/상의/긴팔/DAILY TURTLE NECK TSHIRTS1.jpg
295,296,TSHIRT LONG SLEEVE STRIPE_IVORY GREEN,./상품이미지/상의/긴팔/TSHIRT LONG SLEEVE STRIPE_IVORY GREEN1.jpg
296,297,머전스 써클로고 하프넥 티셔츠 3color,./상품이미지/상의/긴팔/머전스 써클로고 하프넥 티셔츠 3color1.jpg
297,298,NYC LOCATION LONG SLEEVE TSHIRTS J,./상품이미지/상의/긴팔/NYC LOCATION LONG SLEEVE TSHIRTS78.jpg
298,299,Ombrer Stripe LS Tee Multi Black,./상품이미지/상의/긴팔/Ombrer Stripe LS Tee Multi Black1.jpg
299,300,우먼즈 텐셀 실키 긴팔 티셔츠,./상품이미지/상의/긴팔/우먼즈 텐셀 실키 긴팔 티셔츠1.jpg
300,301,LAYERED LONG SLEEVE TSHIRTS,./상품이미지/상의/긴팔/LAYERED LONG SLEEVE TSHIRTS1.jpg
301,302,Basic Long Sleeve_Black,./상품이미지/상의/긴팔/Basic Long Sleeve_Black1.jpg
302,303,Basic Long Sleeve_White,./상품이미지/상의/긴팔/Basic Long Sleeve_White1.jpg
303,304,HTT Longsleeve_White,./상품이미지/상의/긴팔/HTT Longsleeve_White1.jpg
304,305,피노 더블 드롭 탑 버터 블랙,./상품이미지/상의/긴팔/피노 더블 드롭 탑 버터 블랙1.jpg
305,306,탠저린 슬릿 탑 소프트 블랙,./상품이미지/상의/긴팔/탠저린 슬릿 탑 소프트 블랙1.jpg
306,307,탠저린 슬릿 탑 라임 펀치,./상품이미지/상의/긴팔/탠저린 슬릿 탑 라임 펀치1.jpg
307,308,걸스 베이직 퓨추라 주니어 여성 긴팔티 쭉티 CZ1260010,./상품이미지/상의/긴팔/걸스 베이직 퓨추라 주니어 여성 긴팔티 쭉티 CZ12600101.jpg
308,309,탠저린 슬릿 탑 젠틀 네이비,./상품이미지/상의/긴팔/탠저린 슬릿 탑 젠틀 네이비1.jpg
309,310,탠저린 슬릿 탑 소다 블루,./상품이미지/상의/긴팔/탠저린 슬릿 탑 소다 블루1.jpg
310,311,주드 스퀘어 롱슬리브 티셔츠_화이트,./상품이미지/상의/긴팔/주드 스퀘어 롱슬리브 티셔츠_화이트1.jpg
311,312,오슬레 트위스트 탑 마일드 스카이,./상품이미지/상의/긴팔/오슬레 트위스트 탑 마일드 스카이1.jpg
312,313,트윈 슬래시 탑 블랙,./상품이미지/상의/긴팔/트윈 슬래시 탑 블랙1.jpg
313,314,주드 스퀘어 롱슬리브 티셔츠_블랙,./상품이미지/상의/긴팔/주드 스퀘어 롱슬리브 티셔츠_블랙1.jpg
314,315,Dumbo Stripe Tshirt Black,./상품이미지/상의/긴팔/Dumbo Stripe Tshirt Black1.jpg
315,316,트윈 슬래시 탑 베라 스카이,./상품이미지/상의/긴팔/트윈 슬래시 탑 베라 스카이1.jpg
316,317,오슬레 트위스트 탑 글램 그린,./상품이미지/상의/긴팔/오슬레 트위스트 탑 글램 그린1.jpg
317,318,리본 맨투맨 퍼플와인,./상품이미지/상의/긴팔/리본 맨투맨 퍼플와인1.jpg
318,319,걸스 베이직 퓨추라 주니어 여성 긴팔티 쭉티 CZ1260100,./상품이미지/상의/긴팔/걸스 베이직 퓨추라 주니어 여성 긴팔티 쭉티 CZ12601001.jpg
319,320,오슬레 트위스트 탑 로즈 블랙,./상품이미지/상의/긴팔/오슬레 트위스트 탑 로즈 블랙1.jpg
320,321,Sway raglan longsleeved Tshirt_Black,./상품이미지/상의/긴팔/Sway raglan longsleeved Tshirt_Black1.jpg
321,322,RLL301 비 더 프렌즈 롱슬리브 화이트,./상품이미지/상의/긴팔/RLL301 비 더 프렌즈 롱슬리브 화이트1.jpg
322,323,The Downtown Run LS Tee Black,./상품이미지/상의/긴팔/The Downtown Run LS Tee Black1.jpg
323,324,발리안트 타이거 롱슬리브 화이트,./상품이미지/상의/긴팔/발리안트 타이거 롱슬리브 화이트1.jpg
324,325,시그니처 골지 하프넥 티셔츠 W_Ink,./상품이미지/상의/긴팔/시그니처 골지 하프넥 티셔츠 W_Ink1.jpg
325,326,유니섹스 오버핏 20수 긴팔 티셔츠 다크브라운,./상품이미지/상의/긴팔/유니섹스 오버핏 20수 긴팔 티셔츠 다크브라운1.jpg
326,327,유니섹스 오버핏 20수 긴팔 티셔츠 블랙,./상품이미지/상의/긴팔/유니섹스 오버핏 20수 긴팔 티셔츠 블랙1.jpg
327,328,유니섹스 오버핏 20수 긴팔 티셔츠 민트,./상품이미지/상의/긴팔/유니섹스 오버핏 20수 긴팔 티셔츠 민트1.jpg
328,329,식스레이어드 스트라이프 긴팔,./상품이미지/상의/긴팔/식스레이어드 스트라이프 긴팔1.jpg
329,330,HTT Longsleeve_Black,./상품이미지/상의/긴팔/HTT Longsleeve_Black1.jpg
330,331,High Neck Slim Top_Cream,./상품이미지/상의/긴팔/High Neck Slim Top_Cream1.jpg
331,332,SET B레이어드 롱 슬리브,./상품이미지/상의/긴팔/SET B레이어드 롱 슬리브1.jpg
332,333,Trance TShirt Beige,./상품이미지/상의/긴팔/Trance TShirt Beige1.jpg
333,334,Trance TShirt Navy,./상품이미지/상의/긴팔/Trance TShirt Navy1.jpg
334,335,Trance TShirt Pink,./상품이미지/상의/긴팔/Trance TShirt Pink1.jpg
335,336,Trance TShirt Black,./상품이미지/상의/긴팔/Trance TShirt Black1.jpg
336,337,Trance TShirt White,./상품이미지/상의/긴팔/Trance TShirt White1.jpg
337,338,Trance TShirt Mint,./상품이미지/상의/긴팔/Trance TShirt Mint1.jpg
338,339,여성 골프 허니콤조직 쿨링 긴팔 티셔츠 VLTSM301_LP,./상품이미지/상의/긴팔/여성 골프 허니콤조직 쿨링 긴팔 티셔츠 VLTSM301_LP1.jpg
339,340,여성 골프 허니콤조직 쿨링 긴팔 티셔츠 VLTSM301_BK,./상품이미지/상의/긴팔/여성 골프 허니콤조직 쿨링 긴팔 티셔츠 VLTSM301_BK1.jpg
340,341,Trance TShirt Yellow,./상품이미지/상의/긴팔/Trance TShirt Yellow1.jpg
341,342,HIGH TENSION CUTOUT SHOULDER TOP_T216TP117,./상품이미지/상의/긴팔/HIGH TENSION CUTOUT SHOULDER TOP_T216TP1171.jpg
342,343,Trance TShirt Purple,./상품이미지/상의/긴팔/Trance TShirt Purple1.jpg
343,344,시그니처 골지 하프넥 티셔츠 W_BEIGE PINK,./상품이미지/상의/긴팔/시그니처 골지 하프넥 티셔츠 W_BEIGE PINK1.jpg
344,345,하프 터틀넥 슬림 탑_아이보리,./상품이미지/상의/긴팔/하프 터틀넥 슬림 탑_아이보리1.jpg
345,346,WAVE GOLGI VNECK TSHIRT BLACK,./상품이미지/상의/긴팔/WAVE GOLGI VNECK TSHIRT BLACK1.jpg
346,347,TIGER TAG LONGSLEEVE BLACK,./상품이미지/상의/긴팔/TIGER TAG LONGSLEEVE BLACK1.jpg
347,348,Dumbo Stripe Tshirt Blue,./상품이미지/상의/긴팔/Dumbo Stripe Tshirt Blue1.jpg
348,349,DAILY TURTLE NECK TSHIRTS W,./상품이미지/상의/긴팔/DAILY TURTLE NECK TSHIRTS59.jpg
349,350,TIGER TAG LONGSLEEVE WHITE,./상품이미지/상의/긴팔/TIGER TAG LONGSLEEVE WHITE1.jpg
350,351,22 SS 소매 핀턱 긴팔 티셔츠,./상품이미지/상의/긴팔/22 SS 소매 핀턱 긴팔 티셔츠1.jpg
351,352,셔링 이지 블라우스 티 FST205,./상품이미지/상의/긴팔/셔링 이지 블라우스 티 FST2051.jpg
352,353,22 SS 소매 핀턱 긴팔 티셔츠 L,./상품이미지/상의/긴팔/22 SS 소매 핀턱 긴팔 티셔츠94.jpg
353,354,22 SS 소매 핀턱 긴팔 티셔츠 M,./상품이미지/상의/긴팔/22 SS 소매 핀턱 긴팔 티셔츠17.jpg
354,355,CROP BUTTON TSHIRT,./상품이미지/상의/긴팔/CROP BUTTON TSHIRT1.jpg
355,356,MESH TSHIRT,./상품이미지/상의/긴팔/MESH TSHIRT1.jpg
356,357,FLOCKING MESH TSHIRT,./상품이미지/상의/긴팔/FLOCKING MESH TSHIRT1.jpg
357,358,CROP BUTTON TSHIRT I,./상품이미지/상의/긴팔/CROP BUTTON TSHIRT44.jpg
358,359,SPRING 그래픽 롱슬리브 티셔츠 멜란지화이트,./상품이미지/상의/긴팔/SPRING 그래픽 롱슬리브 티셔츠 멜란지화이트1.jpg
359,360,SPRING 그래픽 롱슬리브 티셔츠 그린,./상품이미지/상의/긴팔/SPRING 그래픽 롱슬리브 티셔츠 그린1.jpg
360,361,우먼즈 베이식 크루 넥 반팔 티셔츠,./상품이미지/상의/반팔/우먼즈 베이식 크루 넥 반팔 티셔츠1.jpg
361,362,에센셜 쿨 코튼 2PACK 티셔츠,./상품이미지/상의/반팔/에센셜 쿨 코튼 2PACK 티셔츠1.jpg
362,363,NYC LOCATION TSHIRT,./상품이미지/상의/반팔/NYC LOCATION TSHIRT1.jpg
363,364,더블 코튼 롱 티셔츠,./상품이미지/상의/반팔/더블 코튼 롱 티셔츠1.jpg
364,365,우먼즈 베이식 크루 넥 반팔 티셔츠 F,./상품이미지/상의/반팔/우먼즈 베이식 크루 넥 반팔 티셔츠99.jpg
365,366,미시간 울버린 피그먼트  반팔티 블랙차콜,./상품이미지/상의/반팔/미시간 울버린 피그먼트  반팔티 블랙차콜1.jpg
366,367,St Bear Tee Black,./상품이미지/상의/반팔/St Bear Tee Black1.jpg
367,368,쿨 코튼 2PACK 티셔츠 화이트,./상품이미지/상의/반팔/쿨 코튼 2PACK 티셔츠 화이트1.jpg
368,369,우먼즈 크루 넥 크롭 반팔 티셔츠,./상품이미지/상의/반팔/우먼즈 크루 넥 크롭 반팔 티셔츠1.jpg
369,370,MATIN KIM LOGO SILKET CROP TOP,./상품이미지/상의/반팔/MATIN KIM LOGO SILKET CROP TOP1.jpg
370,371,TSHIRT FLOWERMARDI_WHITE GREEN,./상품이미지/상의/반팔/TSHIRT FLOWERMARDI_WHITE GREEN1.jpg
371,372,아치 로고 티셔츠 화이트,./상품이미지/상의/반팔/아치 로고 티셔츠 화이트1.jpg
372,373,어센틱 로고 티셔츠 화이트,./상품이미지/상의/반팔/어센틱 로고 티셔츠 화이트1.jpg
373,374,St Bear Tee White,./상품이미지/상의/반팔/St Bear Tee White1.jpg
374,375,RL001 오리지널 로고 반팔티 화이트,./상품이미지/상의/반팔/RL001 오리지널 로고 반팔티 화이트1.jpg
375,376,우먼즈 베이식 크루 넥 반팔 티셔츠 C,./상품이미지/상의/반팔/우먼즈 베이식 크루 넥 반팔 티셔츠91.jpg
376,377,우먼즈 크루 넥 크롭 반팔 티셔츠 R,./상품이미지/상의/반팔/우먼즈 크루 넥 크롭 반팔 티셔츠67.jpg
377,378,PHYPS® YOGA BEGINNER CLASS SS LIGHT GRAY,./상품이미지/상의/반팔/PHYPS® YOGA BEGINNER CLASS SS LIGHT GRAY1.jpg
378,379,헤리티지 세리프 로고 루즈핏 반팔티,./상품이미지/상의/반팔/헤리티지 세리프 로고 루즈핏 반팔티1.jpg
379,380,여 슬림핏 인스티튜셔널 로고 반팔 티셔츠,./상품이미지/상의/반팔/여 슬림핏 인스티튜셔널 로고 반팔 티셔츠1.jpg
380,381,빅 트위치 로고 티셔츠 블랙,./상품이미지/상의/반팔/빅 트위치 로고 티셔츠 블랙1.jpg
381,382,어센틱 로고 티셔츠 블랙,./상품이미지/상의/반팔/어센틱 로고 티셔츠 블랙1.jpg
382,383,스몰 사인로고 반팔 티셔츠 블랙,./상품이미지/상의/반팔/스몰 사인로고 반팔 티셔츠 블랙1.jpg
383,384,슈무 아치로고 반팔 티셔츠 화이트,./상품이미지/상의/반팔/슈무 아치로고 반팔 티셔츠 화이트1.jpg
384,385,EBFD 베츠 반팔 티셔츠 블루,./상품이미지/상의/반팔/EBFD 베츠 반팔 티셔츠 블루1.jpg
385,386,빅 트위치 로고 티셔츠 레드,./상품이미지/상의/반팔/빅 트위치 로고 티셔츠 레드1.jpg
386,387,빅 트위치 로고 티셔츠 그린,./상품이미지/상의/반팔/빅 트위치 로고 티셔츠 그린1.jpg
387,388,유니섹스 오버핏 어스넷 로고 티화이트,./상품이미지/상의/반팔/유니섹스 오버핏 어스넷 로고 티화이트1.jpg
388,389,유니섹스 오버핏 어스넷 로고 티블랙,./상품이미지/상의/반팔/유니섹스 오버핏 어스넷 로고 티블랙1.jpg
389,390,헤리티지 세리프 로고 루즈핏 반팔티 V,./상품이미지/상의/반팔/헤리티지 세리프 로고 루즈핏 반팔티47.jpg
390,391,스몰 사인로고 반팔 티셔츠  화이트,./상품이미지/상의/반팔/스몰 사인로고 반팔 티셔츠  화이트1.jpg
391,392,오버핏 그래픽 반팔티셔츠 3PACK _BB2H18881,./상품이미지/상의/반팔/오버핏 그래픽 반팔티셔츠 3PACK _BB2H188811.jpg
392,393,IN LOVE TEE,./상품이미지/상의/반팔/IN LOVE TEE1.jpg
393,394,미시간 울버린 피그먼트 반팔티 크림,./상품이미지/상의/반팔/미시간 울버린 피그먼트 반팔티 크림1.jpg
394,395,유니섹스 오버핏 어스넷 로고 티퍼플,./상품이미지/상의/반팔/유니섹스 오버핏 어스넷 로고 티퍼플1.jpg
395,396,TAG KP TEE BLACK,./상품이미지/상의/반팔/TAG KP TEE BLACK1.jpg
396,397,더블엔젤 와펜 반팔 티셔츠 블랙,./상품이미지/상의/반팔/더블엔젤 와펜 반팔 티셔츠 블랙1.jpg
397,398,앤젤 캣 티셔츠_화이트,./상품이미지/상의/반팔/앤젤 캣 티셔츠_화이트1.jpg
398,399,Overdyed Mars Tee Charcoal,./상품이미지/상의/반팔/Overdyed Mars Tee Charcoal1.jpg
399,400,2021 SIGNATURE TSHIRTS,./상품이미지/상의/반팔/2021 SIGNATURE TSHIRTS1.png
400,401,캡슐 백로고 반팔 티셔츠 CAPSULE BACK LOGO TS,./상품이미지/상의/반팔/캡슐 백로고 반팔 티셔츠 CAPSULE BACK LOGO TS1.jpg
401,402,TSHIRT DDANJI_IVORY,./상품이미지/상의/반팔/TSHIRT DDANJI_IVORY1.jpg
402,403,빅 트위치 로고 티셔츠 아이보리,./상품이미지/상의/반팔/빅 트위치 로고 티셔츠 아이보리1.jpg
403,404,더블엔젤 와펜 반팔 티셔츠 화이트,./상품이미지/상의/반팔/더블엔젤 와펜 반팔 티셔츠 화이트1.jpg
404,405,W CLASSIC LOGO TEE white,./상품이미지/상의/반팔/W CLASSIC LOGO TEE white1.jpg
405,406,우먼즈 베이식 크루 넥 반팔 티셔츠 R,./상품이미지/상의/반팔/우먼즈 베이식 크루 넥 반팔 티셔츠57.jpg
406,407,스몰 트위치 로고 티셔츠 화이트,./상품이미지/상의/반팔/스몰 트위치 로고 티셔츠 화이트1.jpg
407,408,FOREST WARS 반팔 티셔츠 Black,./상품이미지/상의/반팔/FOREST WARS 반팔 티셔츠 Black1.jpg
408,409,RL001 오리지널 로고 반팔티 블랙,./상품이미지/상의/반팔/RL001 오리지널 로고 반팔티 블랙1.jpg
409,410,TRIPLE BEARS TSHIRT,./상품이미지/상의/반팔/TRIPLE BEARS TSHIRT1.jpg
410,411,서핑엔젤 반팔 티셔츠 화이트,./상품이미지/상의/반팔/서핑엔젤 반팔 티셔츠 화이트1.jpg
411,412,RL701 비 더 프렌즈 반팔 화이트,./상품이미지/상의/반팔/RL701 비 더 프렌즈 반팔 화이트1.jpg
412,413,베이직 하프 티_화이트,./상품이미지/상의/반팔/베이직 하프 티_화이트1.jpg
413,414,2PACK 로고 티셔츠,./상품이미지/상의/반팔/2PACK 로고 티셔츠1.jpg
414,415,Oversize Water Washed  TShirts,./상품이미지/상의/반팔/Oversize Water Washed  TShirts1.jpg
415,416,MATINKIM LOGO TSHIRT,./상품이미지/상의/반팔/MATINKIM LOGO TSHIRT1.jpg
416,417,ORIGINAL LOGO 2 PACK TSHIRTS_multi,./상품이미지/상의/반팔/ORIGINAL LOGO 2 PACK TSHIRTS_multi1.png
417,418,서핑엔젤 반팔 티셔츠 블랙,./상품이미지/상의/반팔/서핑엔젤 반팔 티셔츠 블랙1.jpg
418,419,TSHIRT FLOWERMARDI_WHITE VIOLET,./상품이미지/상의/반팔/TSHIRT FLOWERMARDI_WHITE VIOLET1.jpg
419,420,베이직 스몰로고 반팔 티셔츠 NY,./상품이미지/상의/반팔/베이직 스몰로고 반팔 티셔츠 NY1.jpg
420,421,DSNLogo Tee White,./상품이미지/상의/반팔/DSNLogo Tee White1.jpg
421,422,스몰 사인로고 반팔 티셔츠 네이비,./상품이미지/상의/반팔/스몰 사인로고 반팔 티셔츠 네이비1.jpg
422,423,TAG KP TEE WHITE,./상품이미지/상의/반팔/TAG KP TEE WHITE1.jpg
423,424,BASIC LOGO TEE WHITE,./상품이미지/상의/반팔/BASIC LOGO TEE WHITE1.jpg
424,425,트레일러 반팔티,./상품이미지/상의/반팔/트레일러 반팔티1.jpg
425,426,페이퍼 웨일 티셔츠 화이트,./상품이미지/상의/반팔/페이퍼 웨일 티셔츠 화이트1.jpg
426,427,SET B레이어드 티셔츠,./상품이미지/상의/반팔/SET B레이어드 티셔츠1.jpg
427,428,헤비 오버핏 블록 로고 반팔,./상품이미지/상의/반팔/헤비 오버핏 블록 로고 반팔1.jpg
428,429,세리프 아치 로고 티셔츠 화이트,./상품이미지/상의/반팔/세리프 아치 로고 티셔츠 화이트1.jpg
429,430,TSHIRT FLOWERMARDI_BLACK YELLOW,./상품이미지/상의/반팔/TSHIRT FLOWERMARDI_BLACK YELLOW1.jpg
430,431,베이직 하프 티_블랙,./상품이미지/상의/반팔/베이직 하프 티_블랙1.jpg
431,432,엔젤로고 반팔 티셔츠 화이트,./상품이미지/상의/반팔/엔젤로고 반팔 티셔츠 화이트1.jpg
432,433,컬러 그라데이션 오버핏 반팔티셔츠 BLACK,./상품이미지/상의/반팔/컬러 그라데이션 오버핏 반팔티셔츠 BLACK1.jpg
433,434,썸머 엔젤 반팔 티셔츠 화이트,./상품이미지/상의/반팔/썸머 엔젤 반팔 티셔츠 화이트1.jpg
434,435,아치 로고 티셔츠 블랙,./상품이미지/상의/반팔/아치 로고 티셔츠 블랙1.jpg
435,436,2020 SIGNATURE TSHIRTS_white,./상품이미지/상의/반팔/2020 SIGNATURE TSHIRTS_white1.jpg
436,437,엔젤로고 반팔 티셔츠 블랙,./상품이미지/상의/반팔/엔젤로고 반팔 티셔츠 블랙1.jpg
437,438,08 컬리지 로고 티셔츠 화이트,./상품이미지/상의/반팔/08 컬리지 로고 티셔츠 화이트1.jpg
438,439,MATIN KIM LOGO TSHIRT IN BLACK,./상품이미지/상의/반팔/MATIN KIM LOGO TSHIRT IN BLACK1.jpg
439,440,PAISLEY TAG TEE WHITE,./상품이미지/상의/반팔/PAISLEY TAG TEE WHITE1.jpg
440,441,헤리티지 세리프 로고 루즈핏 반팔티 K,./상품이미지/상의/반팔/헤리티지 세리프 로고 루즈핏 반팔티63.jpg
441,442,우먼즈 베이식 크루 넥 반팔 티셔츠 P,./상품이미지/상의/반팔/우먼즈 베이식 크루 넥 반팔 티셔츠37.jpg
442,443,로고 스탠다드 티셔츠  2팩 KS,./상품이미지/상의/반팔/로고 스탠다드 티셔츠  2팩 KS1.jpg
443,444,Apple Tshirt,./상품이미지/상의/반팔/Apple Tshirt1.jpg
444,445,스몰 트위치 로고 티셔츠 블랙,./상품이미지/상의/반팔/스몰 트위치 로고 티셔츠 블랙1.jpg
445,446,에센셜 레이어드 2PACK 티셔츠 화이트,./상품이미지/상의/반팔/에센셜 레이어드 2PACK 티셔츠 화이트1.jpg
446,447,캣 가이드 티셔츠_화이트,./상품이미지/상의/반팔/캣 가이드 티셔츠_화이트1.jpg
447,448,우먼즈 릴렉스 핏 크루 넥 반팔 티셔츠,./상품이미지/상의/반팔/우먼즈 릴렉스 핏 크루 넥 반팔 티셔츠1.jpg
448,449,TSHIRT CHECKER_BLACK CREAM,./상품이미지/상의/반팔/TSHIRT CHECKER_BLACK CREAM1.jpg
449,450,TAG RB TEE WHITE,./상품이미지/상의/반팔/TAG RB TEE WHITE1.jpg
450,451,클래식 화이트 셔츠 S40,./상품이미지/상의/셔츠/클래식 화이트 셔츠 S401.jpg
451,452,플러프 무드 체크 셔츠 S24 네이비,./상품이미지/상의/셔츠/플러프 무드 체크 셔츠 S24 네이비1.jpg
452,453,빈티지 블랙 도트 스트라이프 셔츠 S22,./상품이미지/상의/셔츠/빈티지 블랙 도트 스트라이프 셔츠 S221.jpg
453,454,시티보이 보트자수 옥스포드 오버핏 셔츠,./상품이미지/상의/셔츠/시티보이 보트자수 옥스포드 오버핏 셔츠1.jpg
454,455,C 로고 옥스포드 스트라이프 셔츠 그레이,./상품이미지/상의/셔츠/C 로고 옥스포드 스트라이프 셔츠 그레이1.jpg
455,456,헤링본 클래식 체크 셔츠 S41,./상품이미지/상의/셔츠/헤링본 클래식 체크 셔츠 S411.jpg
456,457,우먼즈 오버사이즈 실키 셔츠,./상품이미지/상의/셔츠/우먼즈 오버사이즈 실키 셔츠1.jpg
457,458,시티보이 보트자수 옥스포드 오버핏 셔츠 W,./상품이미지/상의/셔츠/시티보이 보트자수 옥스포드 오버핏 셔츠58.jpg
458,459,링클 프리 베이직 셔츠_WHITE,./상품이미지/상의/셔츠/링클 프리 베이직 셔츠_WHITE1.jpg
459,460,폴리 셔츠 S372  애쉬 그레이,./상품이미지/상의/셔츠/폴리 셔츠 S372  애쉬 그레이1.jpg
460,461,플러프 무드 체크 셔츠 S24 브라운,./상품이미지/상의/셔츠/플러프 무드 체크 셔츠 S24 브라운1.jpg
461,462,와펜 스몰 하우스로고 옥스포드 셔츠 화이트,./상품이미지/상의/셔츠/와펜 스몰 하우스로고 옥스포드 셔츠 화이트1.jpg
462,463,유니섹스 옵티멀 베이직 린넨 셔츠화이트,./상품이미지/상의/셔츠/유니섹스 옵티멀 베이직 린넨 셔츠화이트1.jpg
463,464,시티보이 보트자수 옥스포드 오버핏 셔츠 H,./상품이미지/상의/셔츠/시티보이 보트자수 옥스포드 오버핏 셔츠90.jpg
464,465,폴링 체크 셔츠 S43,./상품이미지/상의/셔츠/폴링 체크 셔츠 S431.jpg
465,466,시티보이 보트자수 옥스포드 오버핏 셔츠 F,./상품이미지/상의/셔츠/시티보이 보트자수 옥스포드 오버핏 셔츠65.jpg
466,467,오버핏 와플 체크 셔츠베이지,./상품이미지/상의/셔츠/오버핏 와플 체크 셔츠베이지1.jpg
467,468,오버핏 글림 스트라이프 셔츠네이비,./상품이미지/상의/셔츠/오버핏 글림 스트라이프 셔츠네이비1.jpg
468,469,Overfit vintage check shirt_green,./상품이미지/상의/셔츠/Overfit vintage check shirt_green1.jpg
469,470,RC 클럽 타이 셔츠_화이트,./상품이미지/상의/셔츠/RC 클럽 타이 셔츠_화이트1.jpg
470,471,클래시 체크 셔츠,./상품이미지/상의/셔츠/클래시 체크 셔츠1.jpg
471,472,우먼즈 릴렉스드 크롭 실키 셔츠,./상품이미지/상의/셔츠/우먼즈 릴렉스드 크롭 실키 셔츠1.jpg
472,473,WOMEN 크롭 슬림 반팔 셔츠  크롭티 반팔티,./상품이미지/상의/셔츠/WOMEN 크롭 슬림 반팔 셔츠  크롭티 반팔티1.jpg
473,474,시티보이 보트자수 옥스포드 오버핏 셔츠 P,./상품이미지/상의/셔츠/시티보이 보트자수 옥스포드 오버핏 셔츠72.jpg
474,475,링클 프리 베이직 셔츠_SKY BLUE,./상품이미지/상의/셔츠/링클 프리 베이직 셔츠_SKY BLUE1.jpg
475,476,C 로고 옥스포드 스트라이프 셔츠 라이트블루,./상품이미지/상의/셔츠/C 로고 옥스포드 스트라이프 셔츠 라이트블루1.jpg
476,477,Overfit vintage check shirt_brown,./상품이미지/상의/셔츠/Overfit vintage check shirt_brown1.jpg
477,478,플루트 셔츠 마일드 스카이,./상품이미지/상의/셔츠/플루트 셔츠 마일드 스카이1.jpg
478,479,보이핏 셔츠 클래식 스카이,./상품이미지/상의/셔츠/보이핏 셔츠 클래식 스카이1.jpg
479,480,앨리스 프릴 카라 블라우스_그레이,./상품이미지/상의/셔츠/앨리스 프릴 카라 블라우스_그레이1.jpg
480,481,와펜 스몰 하우스로고 옥스포드 셔츠 라이트 블루,./상품이미지/상의/셔츠/와펜 스몰 하우스로고 옥스포드 셔츠 라이트 블루1.jpg
481,482,Fluid Volume Top Blush pink,./상품이미지/상의/셔츠/Fluid Volume Top Blush pink1.jpg
482,483,유니섹스 클래식 스트라이프 루즈핏 셔츠 민트,./상품이미지/상의/셔츠/유니섹스 클래식 스트라이프 루즈핏 셔츠 민트1.jpg
483,484,유니섹스 클래식 스트라이프 루즈핏 셔츠 블루,./상품이미지/상의/셔츠/유니섹스 클래식 스트라이프 루즈핏 셔츠 블루1.jpg
484,485,Sasha Collage Printed Shirt White,./상품이미지/상의/셔츠/Sasha Collage Printed Shirt White1.jpg
485,486,Copine  ASJF221KR26WHT,./상품이미지/상의/셔츠/Copine  ASJF221KR26WHT1.jpg
486,487,Lace Trimmed Blouse White,./상품이미지/상의/셔츠/Lace Trimmed Blouse White1.jpg
487,488,앨리스 프릴 카라 블라우스_아이보리,./상품이미지/상의/셔츠/앨리스 프릴 카라 블라우스_아이보리1.jpg
488,489,SI TP 5052 classic regularfit shirt_Ivory,./상품이미지/상의/셔츠/SI TP 5052 classic regularfit shirt_Ivory1.jpg
489,490,SI TP 5052 classic regularfit shirt_Sky blue,./상품이미지/상의/셔츠/SI TP 5052 classic regularfit shirt_Sky blue1.jpg
490,491,SI TP 5051 rona satin shirt_Navy,./상품이미지/상의/셔츠/SI TP 5051 rona satin shirt_Navy1.jpg
491,492,SI TP 5052 classic regularfit shirt_Blue stripe,./상품이미지/상의/셔츠/SI TP 5052 classic regularfit shirt_Blue stripe1.jpg
492,493,SI TP 5051 rona satin shirt_Pink beige,./상품이미지/상의/셔츠/SI TP 5051 rona satin shirt_Pink beige1.jpg
493,494,OPEN COLLAR BLOUSE,./상품이미지/상의/셔츠/OPEN COLLAR BLOUSE1.jpg
494,495,라벤더 리넨 컴포트핏 스트라이프 셔츠,./상품이미지/상의/셔츠/라벤더 리넨 컴포트핏 스트라이프 셔츠1.jpg
495,496,앨리스 프릴 카라 블라우스_민트,./상품이미지/상의/셔츠/앨리스 프릴 카라 블라우스_민트1.jpg
496,497,블루 리넨 컴포트핏 스트라이프 셔츠,./상품이미지/상의/셔츠/블루 리넨 컴포트핏 스트라이프 셔츠1.jpg
497,498,프렌치 플리츠 블라우스 아이보리,./상품이미지/상의/셔츠/프렌치 플리츠 블라우스 아이보리1.jpg
498,499,프렌치 플리츠 블라우스 블랙,./상품이미지/상의/셔츠/프렌치 플리츠 블라우스 블랙1.jpg
499,500,Fluid Volume Top Ivory,./상품이미지/상의/셔츠/Fluid Volume Top Ivory1.jpg
500,501,SET B릴렉서드 스트라이프 셔츠&타이,./상품이미지/상의/셔츠/SET B릴렉서드 스트라이프 셔츠&타이1.jpg
501,502,Vintage Denim Shirt,./상품이미지/상의/셔츠/Vintage Denim Shirt1.jpg
502,503,우먼 클래식 로고 루즈핏 셔츠 소라,./상품이미지/상의/셔츠/우먼 클래식 로고 루즈핏 셔츠 소라1.jpg
503,504,우먼 클래식 로고 루즈핏 셔츠 화이트,./상품이미지/상의/셔츠/우먼 클래식 로고 루즈핏 셔츠 화이트1.jpg
504,505,코스모스 화이트 셔츠,./상품이미지/상의/셔츠/코스모스 화이트 셔츠1.jpg
505,506,우먼 클래식 로고 루즈핏 셔츠 베이지,./상품이미지/상의/셔츠/우먼 클래식 로고 루즈핏 셔츠 베이지1.jpg
506,507,우먼 클래식 로고 루즈핏 셔츠 핑크,./상품이미지/상의/셔츠/우먼 클래식 로고 루즈핏 셔츠 핑크1.jpg
507,508,백 플리츠 셔츠,./상품이미지/상의/셔츠/백 플리츠 셔츠1.jpg
508,509,우먼 클래식 로고 루즈핏 셔츠 네이비,./상품이미지/상의/셔츠/우먼 클래식 로고 루즈핏 셔츠 네이비1.jpg
509,510,솔리드 옥스포드 와팬 셔츠,./상품이미지/상의/셔츠/솔리드 옥스포드 와팬 셔츠1.jpg
510,511,오버핏 글림 스트라이프 셔츠블랙,./상품이미지/상의/셔츠/오버핏 글림 스트라이프 셔츠블랙1.jpg
511,512,컷팅 크롭트 블라우스 아이보리,./상품이미지/상의/셔츠/컷팅 크롭트 블라우스 아이보리1.jpg
512,513,컷팅 크롭트 블라우스 나일블루,./상품이미지/상의/셔츠/컷팅 크롭트 블라우스 나일블루1.jpg
513,514,컷팅 크롭트 블라우스 네이비,./상품이미지/상의/셔츠/컷팅 크롭트 블라우스 네이비1.jpg
514,515,컷팅 블라우스 & 플레어 스커트 세트 아이보리,./상품이미지/상의/셔츠/컷팅 블라우스 & 플레어 스커트 세트 아이보리1.jpg
515,516,링클 프리 베이직 셔츠_PINK,./상품이미지/상의/셔츠/링클 프리 베이직 셔츠_PINK1.jpg
516,517,컷팅 블라우스 & 플레어 스커트 세트 네이비,./상품이미지/상의/셔츠/컷팅 블라우스 & 플레어 스커트 세트 네이비1.jpg
517,518,컷팅 블라우스 & 플레어 스커트 세트 나일블루,./상품이미지/상의/셔츠/컷팅 블라우스 & 플레어 스커트 세트 나일블루1.jpg
518,519,러플 페미닌 타이 블라우스 블랙,./상품이미지/상의/셔츠/러플 페미닌 타이 블라우스 블랙1.jpg
519,520,러플 페미닌 타이 블라우스 아이보리,./상품이미지/상의/셔츠/러플 페미닌 타이 블라우스 아이보리1.jpg
520,521,러플 페미닌 타이 블라우스 민트 그린,./상품이미지/상의/셔츠/러플 페미닌 타이 블라우스 민트 그린1.jpg
521,522,Lace Collared Blouse White,./상품이미지/상의/셔츠/Lace Collared Blouse White1.jpg
522,523,Lace Collared Blouse Black,./상품이미지/상의/셔츠/Lace Collared Blouse Black1.jpg
523,524,오픈슬리브 스트라이프 셔츠 옐로우,./상품이미지/상의/셔츠/오픈슬리브 스트라이프 셔츠 옐로우1.jpg
524,525,오픈슬리브 스트라이프 셔츠 스카이블루,./상품이미지/상의/셔츠/오픈슬리브 스트라이프 셔츠 스카이블루1.jpg
525,526,PM vintage cargo shirt,./상품이미지/상의/셔츠/PM vintage cargo shirt1.jpg
526,527,PM bow tie chiffon blouse,./상품이미지/상의/셔츠/PM bow tie chiffon blouse1.jpg
527,528,PM minimalist vintage basic shirt _ 2 color,./상품이미지/상의/셔츠/PM minimalist vintage basic shirt _ 2 color1.jpg
528,529,PM large lapel french vintage white blouse,./상품이미지/상의/셔츠/PM large lapel french vintage white blouse1.jpg
529,530,PM turquoise green court style shirt,./상품이미지/상의/셔츠/PM turquoise green court style shirt1.jpg
530,531,PM vintage plaid waist shirt,./상품이미지/상의/셔츠/PM vintage plaid waist shirt1.jpg
531,532,숄더 포인트 셔츠_WHITE,./상품이미지/상의/셔츠/숄더 포인트 셔츠_WHITE1.jpg
532,533,D링 집업 셔츠 자켓 베이지,./상품이미지/상의/셔츠/D링 집업 셔츠 자켓 베이지1.jpg
533,534,시그니처 클럽 셔츠_화이트,./상품이미지/상의/셔츠/시그니처 클럽 셔츠_화이트1.jpg
534,535,Semisheer Blouse Black,./상품이미지/상의/셔츠/Semisheer Blouse Black1.jpg
535,536,블루 와이드 칼라 데님 셔츠,./상품이미지/상의/셔츠/블루 와이드 칼라 데님 셔츠1.jpg
536,537,베이지 빅 칼라 긴팔 블라우스,./상품이미지/상의/셔츠/베이지 빅 칼라 긴팔 블라우스1.jpg
537,538,플라워 니트 셔츠 블랙,./상품이미지/상의/셔츠/플라워 니트 셔츠 블랙1.jpg
538,539,퍼프 브이넥 화이트 블라우스_ Puff Vneck White BL,./상품이미지/상의/셔츠/퍼프 브이넥 화이트 블라우스_ Puff Vneck White BL1.jpg
539,540,퍼프 브이넥 옐로우 블라우스_ Puff Vneck Yellow BL,./상품이미지/상의/셔츠/퍼프 브이넥 옐로우 블라우스_ Puff Vneck Yellow BL1.jpg
540,541,WOMEN 세미 플레어 미디 롱치마,./상품이미지/스커트/롱스커트/WOMEN 세미 플레어 미디 롱치마1.jpg
541,542,우먼즈 스웨트 롱 스커트,./상품이미지/스커트/롱스커트/우먼즈 스웨트 롱 스커트1.jpg
542,543,우먼즈 하이 웨이스트 슬릿 롱 스커트,./상품이미지/스커트/롱스커트/우먼즈 하이 웨이스트 슬릿 롱 스커트1.jpg
543,544,NOI138 백 슬릿 데님 롱 스커트,./상품이미지/스커트/롱스커트/NOI138 백 슬릿 데님 롱 스커트1.jpg
544,545,리시안셔스 드레이핑 스커트 카라멜 브라운,./상품이미지/스커트/롱스커트/리시안셔스 드레이핑 스커트 카라멜 브라운1.jpg
545,546,드비시 커팅 스커트 주피터 네이비,./상품이미지/스커트/롱스커트/드비시 커팅 스커트 주피터 네이비1.jpg
546,547,드비시 커팅 스커트 비터 블랙,./상품이미지/스커트/롱스커트/드비시 커팅 스커트 비터 블랙1.jpg
547,548,Madeleine  ASJF221KR30032,./상품이미지/스커트/롱스커트/Madeleine  ASJF221KR300321.jpg
548,549,댄싱 뮤즈 마일드 스커트 네이비,./상품이미지/스커트/롱스커트/댄싱 뮤즈 마일드 스커트 네이비1.jpg
549,550,Lead Setup Skirt,./상품이미지/스커트/롱스커트/Lead Setup Skirt1.jpg
550,551,SI JN 6031 classy slit denim skirt,./상품이미지/스커트/롱스커트/SI JN 6031 classy slit denim skirt1.jpg
551,552,마로 트위드 롱 스커트 black,./상품이미지/스커트/롱스커트/마로 트위드 롱 스커트 black1.jpg
552,553,코스터 플리츠 롱스커트 darkgreen,./상품이미지/스커트/롱스커트/코스터 플리츠 롱스커트 darkgreen1.jpg
553,554,조이 도트 플리츠 스커트 ivory,./상품이미지/스커트/롱스커트/조이 도트 플리츠 스커트 ivory1.jpg
554,555,리에 플라워 플리츠 스커트 ivory,./상품이미지/스커트/롱스커트/리에 플라워 플리츠 스커트 ivory1.jpg
555,556,조이 도트 플리츠 스커트 black,./상품이미지/스커트/롱스커트/조이 도트 플리츠 스커트 black1.jpg
556,557,리에 플라워 플리츠 스커트 black,./상품이미지/스커트/롱스커트/리에 플라워 플리츠 스커트 black1.jpg
557,558,Sultry Face Maxi Skirt Black,./상품이미지/스커트/롱스커트/Sultry Face Maxi Skirt Black1.jpg
558,559,Holiday Sunset Maxi Skirt Orange,./상품이미지/스커트/롱스커트/Holiday Sunset Maxi Skirt Orange1.jpg
559,560,Holiday Sunset Maxi Skirt Blue,./상품이미지/스커트/롱스커트/Holiday Sunset Maxi Skirt Blue1.jpg
560,561,long slit skirt_khaki brown,./상품이미지/스커트/롱스커트/long slit skirt_khaki brown1.jpg
561,562,하이 웨이스트 플레어 맥시 스커트 네이비,./상품이미지/스커트/롱스커트/하이 웨이스트 플레어 맥시 스커트 네이비1.jpg
562,563,여성 트래블 우븐 스커트,./상품이미지/스커트/롱스커트/여성 트래블 우븐 스커트1.jpg
563,564,long slit skirt_black,./상품이미지/스커트/롱스커트/long slit skirt_black1.jpg
564,565,하이 웨이스트 플레어 맥시 스커트 아이보리,./상품이미지/스커트/롱스커트/하이 웨이스트 플레어 맥시 스커트 아이보리1.jpg
565,566,하이 웨이스트 플레어 맥시 스커트 나일블루,./상품이미지/스커트/롱스커트/하이 웨이스트 플레어 맥시 스커트 나일블루1.jpg
566,567,라이트 퍼플 올오버 패턴 캉캉 스커트,./상품이미지/스커트/롱스커트/라이트 퍼플 올오버 패턴 캉캉 스커트1.jpg
567,568,레이어드 랩 스커트,./상품이미지/스커트/롱스커트/레이어드 랩 스커트1.jpg
568,569,드로잉 클로버 스커트  S22A18003,./상품이미지/스커트/롱스커트/드로잉 클로버 스커트  S22A180031.jpg
569,570,Madeleine  ASJF221KR30033,./상품이미지/스커트/롱스커트/Madeleine  ASJF221KR300331.jpg
570,571,드로잉 클로버 스커트  S22A18003 E,./상품이미지/스커트/롱스커트/드로잉 클로버 스커트  S22A1800381.jpg
571,572,Flare Pleated Button Skirt Beige,./상품이미지/스커트/롱스커트/Flare Pleated Button Skirt Beige1.jpg
572,573,Flare Pleated Button Skirt Black,./상품이미지/스커트/롱스커트/Flare Pleated Button Skirt Black1.jpg
573,574,키르시 포켓 롱 스커트,./상품이미지/스커트/롱스커트/키르시 포켓 롱 스커트1.jpg
574,575,여성 H라인 코튼 스커트BARG6251B04,./상품이미지/스커트/롱스커트/여성 H라인 코튼 스커트BARG6251B041.jpg
575,576,URBANCHIC PENCIL SKIRT_BLACK,./상품이미지/스커트/롱스커트/URBANCHIC PENCIL SKIRT_BLACK1.jpg
576,577,Unbalanced Long Denim Skirt BLACK,./상품이미지/스커트/롱스커트/Unbalanced Long Denim Skirt BLACK1.jpg
577,578,Dolman Knit Skirt,./상품이미지/스커트/롱스커트/Dolman Knit Skirt1.jpg
578,579,여성 H라인 코튼 스커트BARG6251B0X,./상품이미지/스커트/롱스커트/여성 H라인 코튼 스커트BARG6251B0X1.jpg
579,580,Cabbage Crispy Skirt,./상품이미지/스커트/롱스커트/Cabbage Crispy Skirt1.jpg
580,581,키르시 포켓 롱 스커트 U,./상품이미지/스커트/롱스커트/키르시 포켓 롱 스커트7.jpg
581,582,BELTED POCKET MIDI SKIRT NAVY,./상품이미지/스커트/롱스커트/BELTED POCKET MIDI SKIRT NAVY1.jpg
582,583,BELTED POCKET MIDI SKIRT BEIGE,./상품이미지/스커트/롱스커트/BELTED POCKET MIDI SKIRT BEIGE1.jpg
583,584,우먼즈 스커트 트레이닝 셋업,./상품이미지/스커트/롱스커트/우먼즈 스커트 트레이닝 셋업1.jpg
584,585,네팅 에이치 라인 니트 스커트 베이지,./상품이미지/스커트/롱스커트/네팅 에이치 라인 니트 스커트 베이지1.jpg
585,586,Front Slit Skirt Beige,./상품이미지/스커트/롱스커트/Front Slit Skirt Beige1.jpg
586,587,Front Slit Skirt Black,./상품이미지/스커트/롱스커트/Front Slit Skirt Black1.jpg
587,588,네팅 에이치 라인 니트 스커트 블랙,./상품이미지/스커트/롱스커트/네팅 에이치 라인 니트 스커트 블랙1.jpg
588,589,코튼 플레어 스커트 크림,./상품이미지/스커트/롱스커트/코튼 플레어 스커트 크림1.jpg
589,590,메간 미디 스커트 베이지,./상품이미지/스커트/롱스커트/메간 미디 스커트 베이지1.jpg
590,591,Wave unbalance skirt_Black,./상품이미지/스커트/롱스커트/Wave unbalance skirt_Black1.jpg
591,592,Unbalanced Long Denim Skirt BLUE,./상품이미지/스커트/롱스커트/Unbalanced Long Denim Skirt BLUE1.jpg
592,593,LONG DENIM SKIRT LIGHT BLUE,./상품이미지/스커트/롱스커트/LONG DENIM SKIRT LIGHT BLUE1.jpg
593,594,LONG DENIM SKIRT BLACK,./상품이미지/스커트/롱스커트/LONG DENIM SKIRT BLACK1.jpg
594,595,Wave unbalance skirt_light begie,./상품이미지/스커트/롱스커트/Wave unbalance skirt_light begie1.jpg
595,596,P3101 Volume pleats skirt_Light gray,./상품이미지/스커트/롱스커트/P3101 Volume pleats skirt_Light gray1.jpg
596,597,메간 미디 스커트 차콜,./상품이미지/스커트/롱스커트/메간 미디 스커트 차콜1.jpg
597,598,P3101 Volume pleats skirt_Navy,./상품이미지/스커트/롱스커트/P3101 Volume pleats skirt_Navy1.jpg
598,599,Gaia Pleated Wrap Skirt_,./상품이미지/스커트/롱스커트/Gaia Pleated Wrap Skirt_1.jpg
599,600,Moist black full skirt,./상품이미지/스커트/롱스커트/Moist black full skirt1.jpg
600,601,Italian black satin skirt,./상품이미지/스커트/롱스커트/Italian black satin skirt1.jpg
601,602,RIBBON MAXI SKIRT,./상품이미지/스커트/롱스커트/RIBBON MAXI SKIRT1.jpg
602,603,RIBBON MAXI SKIRT V,./상품이미지/스커트/롱스커트/RIBBON MAXI SKIRT68.jpg
603,604,아디브레이크 스커트 블랙 HC6566,./상품이미지/스커트/롱스커트/아디브레이크 스커트 블랙 HC65661.jpg
604,605,우먼즈 스웨트 롱 스커트 O,./상품이미지/스커트/롱스커트/우먼즈 스웨트 롱 스커트93.jpg
605,606,웨이브 셔링 스커트 베이지,./상품이미지/스커트/롱스커트/웨이브 셔링 스커트 베이지1.jpg
606,607,웨이브 셔링 스커트 네이비,./상품이미지/스커트/롱스커트/웨이브 셔링 스커트 네이비1.jpg
607,608,스트라이프 웨이브 롱 스커트 블랙,./상품이미지/스커트/롱스커트/스트라이프 웨이브 롱 스커트 블랙1.jpg
608,609,스트라이프 웨이브 롱 스커트 그레이,./상품이미지/스커트/롱스커트/스트라이프 웨이브 롱 스커트 그레이1.jpg
609,610,Andersson Skirt,./상품이미지/스커트/롱스커트/Andersson Skirt1.jpg
610,611,스커트 M17 미드 워시드,./상품이미지/스커트/롱스커트/스커트 M17 미드 워시드1.jpg
611,612,Matt Riel Button Skirt_Black,./상품이미지/스커트/롱스커트/Matt Riel Button Skirt_Black1.jpg
612,613,Melin Mermaid Skirt_Ash Blue,./상품이미지/스커트/롱스커트/Melin Mermaid Skirt_Ash Blue1.jpg
613,614,Lagavulin Fringe Skirt 22_Ivory+Antique White,./상품이미지/스커트/롱스커트/Lagavulin Fringe Skirt 22_Ivory+Antique White1.jpg
614,615,Cake Layer Skirt 22_Aqua Blue,./상품이미지/스커트/롱스커트/Cake Layer Skirt 22_Aqua Blue1.jpg
615,616,Lagavulin Fringe Skirt 22_Sage Khaki,./상품이미지/스커트/롱스커트/Lagavulin Fringe Skirt 22_Sage Khaki1.jpg
616,617,Matt Riel Button Skirt_Mint Gray,./상품이미지/스커트/롱스커트/Matt Riel Button Skirt_Mint Gray1.jpg
617,618,Cake Layer Skirt 22_Black,./상품이미지/스커트/롱스커트/Cake Layer Skirt 22_Black1.jpg
618,619,Lagavulin Fringe Skirt 22_Black,./상품이미지/스커트/롱스커트/Lagavulin Fringe Skirt 22_Black1.jpg
619,620,Cake Layer Skirt 22_Ivory+Cream Contour,./상품이미지/스커트/롱스커트/Cake Layer Skirt 22_Ivory+Cream Contour1.jpg
620,621,Cake Layer Skirt 22_Khaki+Khaki Contour,./상품이미지/스커트/롱스커트/Cake Layer Skirt 22_Khaki+Khaki Contour1.jpg
621,622,Matt Riel Button Skirt_Cement,./상품이미지/스커트/롱스커트/Matt Riel Button Skirt_Cement1.jpg
622,623,Melin Mermaid Skirt_Black,./상품이미지/스커트/롱스커트/Melin Mermaid Skirt_Black1.jpg
623,624,AW21SK02 스트라이프 플리츠 레이어스커트_블랙,./상품이미지/스커트/롱스커트/AW21SK02 스트라이프 플리츠 레이어스커트_블랙1.jpg
624,625,Claire shirring long skirt,./상품이미지/스커트/롱스커트/Claire shirring long skirt1.jpg
625,626,우먼즈 스웨트 롱 스커트 _와펜 ver.,./상품이미지/스커트/롱스커트/우먼즈 스웨트 롱 스커트 _와펜 ver.1.jpg
626,627,Water Colored Slit Skirt _ Green,./상품이미지/스커트/롱스커트/Water Colored Slit Skirt _ Green1.jpg
627,628,SOLID SHA SKIRT BLACK,./상품이미지/스커트/롱스커트/SOLID SHA SKIRT BLACK1.jpg
628,629,애쉬 막주름 롱 스커트,./상품이미지/스커트/롱스커트/애쉬 막주름 롱 스커트1.jpg
629,630,Mermaid Check Long Skirt _ Black,./상품이미지/스커트/롱스커트/Mermaid Check Long Skirt _ Black1.jpg
630,631,Full Pleats Skirt_Navy,./상품이미지/스커트/미니스커트/Full Pleats Skirt_Navy1.jpg
631,632,Pleats Skirt_Cream,./상품이미지/스커트/미니스커트/Pleats Skirt_Cream1.jpg
632,633,Pleats Skirt_Green,./상품이미지/스커트/미니스커트/Pleats Skirt_Green1.jpg
633,634,Full Pleats Skirt_White,./상품이미지/스커트/미니스커트/Full Pleats Skirt_White1.jpg
634,635,여자골프웨어 밴딩스커트,./상품이미지/스커트/미니스커트/여자골프웨어 밴딩스커트1.jpg
635,636,여자골프웨어 주름스커트,./상품이미지/스커트/미니스커트/여자골프웨어 주름스커트1.jpg
636,637,여자골프웨어 주름스커트 T,./상품이미지/스커트/미니스커트/여자골프웨어 주름스커트57.jpg
637,638,Coated color block skirt_Blue,./상품이미지/스커트/미니스커트/Coated color block skirt_Blue1.jpg
638,639,Coated color block skirt_Coral,./상품이미지/스커트/미니스커트/Coated color block skirt_Coral1.jpg
639,640,Checkered pleated skirt,./상품이미지/스커트/미니스커트/Checkered pleated skirt1.jpg
640,641,여성 골프 벨트 포켓 플리츠 큐롯 스커트 VLCUM215_BK,./상품이미지/스커트/미니스커트/여성 골프 벨트 포켓 플리츠 큐롯 스커트 VLCUM215_BK1.jpg
641,642,블루 플리츠 스커트,./상품이미지/스커트/미니스커트/블루 플리츠 스커트1.jpg
642,643,허리밴딩 플레어 여성 A라인 큐롯_CGWSK223660WH,./상품이미지/스커트/미니스커트/허리밴딩 플레어 여성 A라인 큐롯_CGWSK223660WH1.jpg
643,644,시스루 배색 플리츠 A라인 여성 큐롯_CGWSK223690WH,./상품이미지/스커트/미니스커트/시스루 배색 플리츠 A라인 여성 큐롯_CGWSK223690WH1.jpg
644,645,허리밴딩 플레어 여성 A라인 큐롯_CGWSK223660BK,./상품이미지/스커트/미니스커트/허리밴딩 플레어 여성 A라인 큐롯_CGWSK223660BK1.jpg
645,646,TWEED ALINE SKIRT BLUE,./상품이미지/스커트/미니스커트/TWEED ALINE SKIRT BLUE1.jpg
646,647,시스루 배색 플리츠 A라인 여성 큐롯_CGWSK223690BK,./상품이미지/스커트/미니스커트/시스루 배색 플리츠 A라인 여성 큐롯_CGWSK223690BK1.jpg
647,648,블루 플레어 스커트,./상품이미지/스커트/미니스커트/블루 플레어 스커트1.jpg
648,649,허리밴딩 플레어 여성 A라인 큐롯_CGWSK223660GN,./상품이미지/스커트/미니스커트/허리밴딩 플레어 여성 A라인 큐롯_CGWSK223660GN1.jpg
649,650,시스루 배색 플리츠 A라인 여성 큐롯_CGWSK223690MT,./상품이미지/스커트/미니스커트/시스루 배색 플리츠 A라인 여성 큐롯_CGWSK223690MT1.jpg
650,651,허리밴딩 플레어 여성 A라인 큐롯_CGWSK223660KH,./상품이미지/스커트/미니스커트/허리밴딩 플레어 여성 A라인 큐롯_CGWSK223660KH1.jpg
651,652,시스루 배색 플리츠 A라인 여성 큐롯_CGWSK223690KH,./상품이미지/스커트/미니스커트/시스루 배색 플리츠 A라인 여성 큐롯_CGWSK223690KH1.jpg
652,653,플레어 스커트,./상품이미지/스커트/미니스커트/플레어 스커트1.jpg
653,654,TWEED ALINE SKIRT GREEN,./상품이미지/스커트/미니스커트/TWEED ALINE SKIRT GREEN1.jpg
654,655,코튼 핀턱 미니 스커트,./상품이미지/스커트/미니스커트/코튼 핀턱 미니 스커트1.jpg
655,656,코튼폴리 카고 플레어 스커트 CP CARGO FLARE SK,./상품이미지/스커트/미니스커트/코튼폴리 카고 플레어 스커트 CP CARGO FLARE SK1.jpg
656,657,코튼 핀턱 미니 스커트 A,./상품이미지/스커트/미니스커트/코튼 핀턱 미니 스커트39.jpg
657,658,키르시 로우 웨이스트 플리츠 스커트,./상품이미지/스커트/미니스커트/키르시 로우 웨이스트 플리츠 스커트1.jpg
658,659,키르시 로우 웨이스트 플리츠 스커트 I,./상품이미지/스커트/미니스커트/키르시 로우 웨이스트 플리츠 스커트50.jpg
659,660,New Cindy Metal Skirt Silver,./상품이미지/스커트/미니스커트/New Cindy Metal Skirt Silver1.jpg
660,661,DULMINI SKIRT BLACK,./상품이미지/스커트/미니스커트/DULMINI SKIRT BLACK1.jpg
661,662,블랙 플리츠 밴드스커트,./상품이미지/스커트/미니스커트/블랙 플리츠 밴드스커트1.jpg
662,663,PERFORMANCE SKIRT,./상품이미지/스커트/미니스커트/PERFORMANCE SKIRT1.jpg
663,664,PERFORMANCE SKIRT Y,./상품이미지/스커트/미니스커트/PERFORMANCE SKIRT49.jpg
664,665,PLEATED SKIRT,./상품이미지/스커트/미니스커트/PLEATED SKIRT1.jpg
665,666,22SS FLAVOUR TENNIS SKIRT _01,./상품이미지/스커트/미니스커트/22SS FLAVOUR TENNIS SKIRT _011.jpg
666,667,22SS FLAVOUR TENNIS CHECK SKIRT _02,./상품이미지/스커트/미니스커트/22SS FLAVOUR TENNIS CHECK SKIRT _021.jpg
667,668,22SS FLAVOUR TENNIS CHECK SKIRT _01,./상품이미지/스커트/미니스커트/22SS FLAVOUR TENNIS CHECK SKIRT _011.jpg
668,669,22SS FLAVOUR TENNIS SKIRT _02,./상품이미지/스커트/미니스커트/22SS FLAVOUR TENNIS SKIRT _021.jpg
669,670,Aline mini skirt_beige,./상품이미지/스커트/미니스커트/Aline mini skirt_beige1.jpg
670,671,Aline mini skirt_black,./상품이미지/스커트/미니스커트/Aline mini skirt_black1.jpg
671,672,플레어 스커트 I,./상품이미지/스커트/미니스커트/플레어 스커트14.jpg
672,673,라인 플리츠 미니 스커트 블랙,./상품이미지/스커트/미니스커트/라인 플리츠 미니 스커트 블랙1.jpg
673,674,커버밴드 A라인 데님 스커트,./상품이미지/스커트/미니스커트/커버밴드 A라인 데님 스커트1.jpg
674,675,스카이 블루 데님 미니 스커트,./상품이미지/스커트/미니스커트/스카이 블루 데님 미니 스커트1.jpg
675,676,스카이 블루 트위드 미니 스커트,./상품이미지/스커트/미니스커트/스카이 블루 트위드 미니 스커트1.jpg
676,677,네이비 데님 미니 스커트,./상품이미지/스커트/미니스커트/네이비 데님 미니 스커트1.jpg
677,678,랩 미니 스커트 2컬러,./상품이미지/스커트/미니스커트/랩 미니 스커트 2컬러1.jpg
678,679,랩 미니 스커트 헤링본,./상품이미지/스커트/미니스커트/랩 미니 스커트 헤링본1.jpg
679,680,C RHINESTONE JERSEY FLARE SKIRT_PINK,./상품이미지/스커트/미니스커트/C RHINESTONE JERSEY FLARE SKIRT_PINK1.jpg
680,681,C RHINESTONE JERSEY FLARE SKIRT_WHITE,./상품이미지/스커트/미니스커트/C RHINESTONE JERSEY FLARE SKIRT_WHITE1.jpg
681,682,W MULTISTYLING SKIRT _ R21WCK01WH,./상품이미지/스커트/미니스커트/W MULTISTYLING SKIRT _ R21WCK01WH1.jpg
682,683,W MULTISTYLING SKIRT _ R21WCK01BK,./상품이미지/스커트/미니스커트/W MULTISTYLING SKIRT _ R21WCK01BK1.jpg
683,684,C RHINESTONE JERSEY FLARE SKIRT_BROWN,./상품이미지/스커트/미니스커트/C RHINESTONE JERSEY FLARE SKIRT_BROWN1.jpg
684,685,블랙 레터링프린트 미니스커트,./상품이미지/스커트/미니스커트/블랙 레터링프린트 미니스커트1.jpg
685,686,Classy Check Mini Skirt Ivory blue,./상품이미지/스커트/미니스커트/Classy Check Mini Skirt Ivory blue1.jpg
686,687,Ecoleather Mini Skirt Blossom pink,./상품이미지/스커트/미니스커트/Ecoleather Mini Skirt Blossom pink1.jpg
687,688,애쉬 플리츠 미니 스커트,./상품이미지/스커트/미니스커트/애쉬 플리츠 미니 스커트1.jpg
688,689,Ecoleather Mini Skirt Dusty mint,./상품이미지/스커트/미니스커트/Ecoleather Mini Skirt Dusty mint1.jpg
689,690,22SS RICH CABLE KNIT SKIRT,./상품이미지/스커트/미니스커트/22SS RICH CABLE KNIT SKIRT1.jpg
690,691,CHIC MINI SKIRT_BLACK,./상품이미지/스커트/미니스커트/CHIC MINI SKIRT_BLACK1.jpg
691,692,PANACEA DENIM SKIRT,./상품이미지/스커트/미니스커트/PANACEA DENIM SKIRT1.jpg
692,693,사선 절개 허리밴딩 H라인 여성 큐롯_CGWSK223670BK,./상품이미지/스커트/미니스커트/사선 절개 허리밴딩 H라인 여성 큐롯_CGWSK223670BK1.jpg
693,694,사선 절개 허리밴딩 H라인 여성 큐롯_CGWSK223670WH,./상품이미지/스커트/미니스커트/사선 절개 허리밴딩 H라인 여성 큐롯_CGWSK223670WH1.jpg
694,695,사선 절개 허리밴딩 H라인 여성 큐롯_CGWSK223670GN,./상품이미지/스커트/미니스커트/사선 절개 허리밴딩 H라인 여성 큐롯_CGWSK223670GN1.jpg
695,696,PLEATS EDGE SKIRT_BROWN,./상품이미지/스커트/미니스커트/PLEATS EDGE SKIRT_BROWN1.jpg
696,697,Wool Mini Skirt_ Pink,./상품이미지/스커트/미니스커트/Wool Mini Skirt_ Pink1.jpg
697,698,CENTAUR TEAM SKIRT,./상품이미지/스커트/미니스커트/CENTAUR TEAM SKIRT1.jpg
698,699,CHIC MINI SKIRT_IVORY,./상품이미지/스커트/미니스커트/CHIC MINI SKIRT_IVORY1.jpg
699,700,22SS RICH CABLE KNIT SKIRT X,./상품이미지/스커트/미니스커트/22SS RICH CABLE KNIT SKIRT13.jpg
700,701,22SS RICH CABLE KNIT SKIRT H,./상품이미지/스커트/미니스커트/22SS RICH CABLE KNIT SKIRT38.jpg
701,702,22SS RICH CABLE KNIT SKIRT U,./상품이미지/스커트/미니스커트/22SS RICH CABLE KNIT SKIRT100.jpg
702,703,CENTAUR TEAM SKIRT V,./상품이미지/스커트/미니스커트/CENTAUR TEAM SKIRT6.jpg
703,704,CENTAUR TEAM SKIRT K,./상품이미지/스커트/미니스커트/CENTAUR TEAM SKIRT93.jpg
704,705,PANACEA DENIM SKIRT I,./상품이미지/스커트/미니스커트/PANACEA DENIM SKIRT37.jpg
705,706,CENTAUR TEAM SKIRT M,./상품이미지/스커트/미니스커트/CENTAUR TEAM SKIRT5.jpg
706,707,줄리 체크 트위드 스커트,./상품이미지/스커트/미니스커트/줄리 체크 트위드 스커트1.jpg
707,708,화이트 레터링프린트 미니스커트,./상품이미지/스커트/미니스커트/화이트 레터링프린트 미니스커트1.jpg
708,709,WOMEN 슬림 가죽 트임 미니스커트  레더 치마 ver.,./상품이미지/스커트/미니스커트/WOMEN 슬림 가죽 트임 미니스커트  레더 치마 ver.1.jpg
709,710,키르시 엣지 컷팅 스웻 스커트,./상품이미지/스커트/미니스커트/키르시 엣지 컷팅 스웻 스커트1.jpg
710,711,키르시 엣지 컷팅 스웻 스커트 A,./상품이미지/스커트/미니스커트/키르시 엣지 컷팅 스웻 스커트84.jpg
711,712,핑크 레터링프린트 미니스커트,./상품이미지/스커트/미니스커트/핑크 레터링프린트 미니스커트1.jpg
712,713,LowWaist Mini Skirt Charcoal,./상품이미지/스커트/미니스커트/LowWaist Mini Skirt Charcoal1.jpg
713,714,포멀 트임 미니스커트  숏 치마 ver.,./상품이미지/스커트/미니스커트/포멀 트임 미니스커트  숏 치마 ver.1.jpg
714,715,밑단 변형 트리코트 스커트 MIN MBW1PC106,./상품이미지/스커트/미니스커트/밑단 변형 트리코트 스커트 MIN MBW1PC1061.jpg
715,716,POCKET POINT SKIRT,./상품이미지/스커트/미니스커트/POCKET POINT SKIRT1.jpg
716,717,Lettering Mini Skirt,./상품이미지/스커트/미니스커트/Lettering Mini Skirt1.jpg
717,718,Lettering Mini Skirt N,./상품이미지/스커트/미니스커트/Lettering Mini Skirt15.jpg
718,719,CU845 로제 플리츠 스탠다드 큐롯_RED,./상품이미지/스커트/미니스커트/CU845 로제 플리츠 스탠다드 큐롯_RED1.jpg
719,720,LowWaist Mini Skirt Cream,./상품이미지/스커트/미니스커트/LowWaist Mini Skirt Cream1.jpg
720,721,TS 롱 다운 자켓 블랙 93254701,./상품이미지/아우터/롱패딩/TS 롱 다운 자켓 블랙 932547011.jpg
721,722,NC1DM73A 액트 프리 EX 하이브리드 다운 코트,./상품이미지/아우터/롱패딩/NC1DM73A 액트 프리 EX 하이브리드 다운 코트1.jpg
722,723,여성 쉬라 패딩 네이비 SHERANAVY,./상품이미지/아우터/롱패딩/여성 쉬라 패딩 네이비 SHERANAVY1.jpg
723,724,NC1DM72A 챌린지 에어 다운 코트,./상품이미지/아우터/롱패딩/NC1DM72A 챌린지 에어 다운 코트1.jpg
724,725,오리지널 헤비 덕다운 M1990 스웨덴 파카_Black,./상품이미지/아우터/롱패딩/오리지널 헤비 덕다운 M1990 스웨덴 파카_Black1.jpg
725,726,여성 모건 패딩 블랙 MORGANBLACK,./상품이미지/아우터/롱패딩/여성 모건 패딩 블랙 MORGANBLACK1.jpg
726,727,여성 제니스 파카 블랙 ZENITHBLACK,./상품이미지/아우터/롱패딩/여성 제니스 파카 블랙 ZENITHBLACK1.jpg
727,728,여성 모건 패딩 스틸 그레이 MORGANSTEELGREY,./상품이미지/아우터/롱패딩/여성 모건 패딩 스틸 그레이 MORGANSTEELGREY1.jpg
728,729,여성 쉬라 패딩 스틸 그레이 SHERASTEELGREY,./상품이미지/아우터/롱패딩/여성 쉬라 패딩 스틸 그레이 SHERASTEELGREY1.jpg
729,730,여성 쉬라 패딩 블랙 SHERAHBLACK,./상품이미지/아우터/롱패딩/여성 쉬라 패딩 블랙 SHERAHBLACK1.jpg
730,731,여성 마리오니에르 롱패딩 블랙 G20931C0003654155999,./상품이미지/아우터/롱패딩/여성 마리오니에르 롱패딩 블랙 G20931C00036541559991.jpg
731,732,여성 LIMEHOUSE 롱 패딩 22SS,./상품이미지/아우터/롱패딩/여성 LIMEHOUSE 롱 패딩 22SS1.jpg
732,733,레스터G 여성 RDS 구스다운 롱패딩,./상품이미지/아우터/롱패딩/레스터G 여성 RDS 구스다운 롱패딩1.jpg
733,734,여성 LIMEHOUSE 롱 패딩 22SS X,./상품이미지/아우터/롱패딩/여성 LIMEHOUSE 롱 패딩 22SS7.jpg
734,735,NC1DM71A 고 프리 다운 코트,./상품이미지/아우터/롱패딩/NC1DM71A 고 프리 다운 코트1.jpg
735,736,반슬리 다운 여성 롱패딩,./상품이미지/아우터/롱패딩/반슬리 다운 여성 롱패딩1.jpg
736,737,네이비 디테처블 후드 미디엄 덕 다운,./상품이미지/아우터/롱패딩/네이비 디테처블 후드 미디엄 덕 다운1.jpg
737,738,라이트 덕 다운 롱 패딩_BK,./상품이미지/아우터/롱패딩/라이트 덕 다운 롱 패딩_BK1.jpg
738,739,레스터G 여성 RDS 구스다운 빅로고 롱패딩,./상품이미지/아우터/롱패딩/레스터G 여성 RDS 구스다운 빅로고 롱패딩1.jpg
739,740,세일라 코트 여성,./상품이미지/아우터/롱패딩/세일라 코트 여성1.jpg
740,741,패트라 파카 여성,./상품이미지/아우터/롱패딩/패트라 파카 여성1.jpg
741,742,오리지널 헤비 덕다운 M1990 스웨덴 파카_Khaki,./상품이미지/아우터/롱패딩/오리지널 헤비 덕다운 M1990 스웨덴 파카_Khaki1.jpg
742,743,TS 롱 다운 자켓 화이트 93254702,./상품이미지/아우터/롱패딩/TS 롱 다운 자켓 화이트 932547021.jpg
743,744,우먼즈 브이 넥 라이트 다운 롱 재킷,./상품이미지/아우터/롱패딩/우먼즈 브이 넥 라이트 다운 롱 재킷1.jpg
744,745,미스타야 코트 여성,./상품이미지/아우터/롱패딩/미스타야 코트 여성1.jpg
745,746,누리 코트 여성,./상품이미지/아우터/롱패딩/누리 코트 여성1.jpg
746,747,LONG FLEECE JACKET_brown,./상품이미지/아우터/롱패딩/LONG FLEECE JACKET_brown1.jpg
747,748,LONG FLEECE JACKET_black,./상품이미지/아우터/롱패딩/LONG FLEECE JACKET_black1.jpg
748,749,코듀로이 배색 카라 롱 패딩,./상품이미지/아우터/롱패딩/코듀로이 배색 카라 롱 패딩1.jpg
749,750,픽시버G 튜브 구스다운 여성 롱경량패딩,./상품이미지/아우터/롱패딩/픽시버G 튜브 구스다운 여성 롱경량패딩1.jpg
750,751,LONG FLEECE JACKET_ivory,./상품이미지/아우터/롱패딩/LONG FLEECE JACKET_ivory1.jpg
751,752,오버핏 유틸리티 몬스터 파카그레이,./상품이미지/아우터/롱패딩/오버핏 유틸리티 몬스터 파카그레이1.jpg
752,753,웜에어 덕다운 리버시블 푸퍼 패딩_Black,./상품이미지/아우터/롱패딩/웜에어 덕다운 리버시블 푸퍼 패딩_Black1.jpg
753,754,클럽 풋볼 벤치 롱 패딩 그레이,./상품이미지/아우터/롱패딩/클럽 풋볼 벤치 롱 패딩 그레이1.jpg
754,755,레스터G 여성 RDS 구스다운 롱패딩 I,./상품이미지/아우터/롱패딩/레스터G 여성 RDS 구스다운 롱패딩64.jpg
755,756,Long Polar Bear,./상품이미지/아우터/롱패딩/Long Polar Bear1.jpg
756,757,레스터G 여성 RDS 구스다운 롱패딩 H,./상품이미지/아우터/롱패딩/레스터G 여성 RDS 구스다운 롱패딩99.jpg
757,758,우먼즈 브이 넥 라이트 다운 롱 재킷 Q,./상품이미지/아우터/롱패딩/우먼즈 브이 넥 라이트 다운 롱 재킷81.jpg
758,759,플라이트 액티브 롱 구스 다운 블랙,./상품이미지/아우터/롱패딩/플라이트 액티브 롱 구스 다운 블랙1.jpg
759,760,체리 롱 패딩 KA,./상품이미지/아우터/롱패딩/체리 롱 패딩 KA1.jpg
760,761,여성 롱기장 퀼팅다운_V3JDX21692BLK,./상품이미지/아우터/롱패딩/여성 롱기장 퀼팅다운_V3JDX21692BLK1.jpg
761,762,N3B Sage Green,./상품이미지/아우터/롱패딩/N3B Sage Green1.jpg
762,763,반슬리 다운 여성 롱패딩 W,./상품이미지/아우터/롱패딩/반슬리 다운 여성 롱패딩6.jpg
763,764,레스터G 여성 RDS 구스다운 빅로고 롱패딩 E,./상품이미지/아우터/롱패딩/레스터G 여성 RDS 구스다운 빅로고 롱패딩51.jpg
764,765,3D 로고 롱다운,./상품이미지/아우터/롱패딩/3D 로고 롱다운1.jpg
765,766,밍스타 퀼팅 롱 리버시블 자켓_ALLOVER,./상품이미지/아우터/롱패딩/밍스타 퀼팅 롱 리버시블 자켓_ALLOVER1.jpg
766,767,레스터G 여성 RDS 구스다운 롱패딩 B,./상품이미지/아우터/롱패딩/레스터G 여성 RDS 구스다운 롱패딩88.jpg
767,768,픽시버G 튜브 구스다운 여성 롱경량패딩 N,./상품이미지/아우터/롱패딩/픽시버G 튜브 구스다운 여성 롱경량패딩96.jpg
768,769,NC4FM80K 화이트라벨 여성 커틴 리버서블 플리스 코트,./상품이미지/아우터/롱패딩/NC4FM80K 화이트라벨 여성 커틴 리버서블 플리스 코트1.jpg
769,770,여성 블랙 구스 다운 자켓,./상품이미지/아우터/롱패딩/여성 블랙 구스 다운 자켓1.jpg
770,771,타임리스 패딩 코트,./상품이미지/아우터/롱패딩/타임리스 패딩 코트1.jpg
771,772,라이프 더플 덕다운 롱패딩_블랙,./상품이미지/아우터/롱패딩/라이프 더플 덕다운 롱패딩_블랙1.jpg
772,773,Q42126801NV 여성 튜브 롱 다운 자켓,./상품이미지/아우터/롱패딩/Q42126801NV 여성 튜브 롱 다운 자켓1.jpg
773,774,더블 스티치 롱 패딩 BK_K214PSJ704,./상품이미지/아우터/롱패딩/더블 스티치 롱 패딩 BK_K214PSJ7041.jpg
774,775,여성 롱기장 벨트옵션 다운점퍼JGEG4725E0L,./상품이미지/아우터/롱패딩/여성 롱기장 벨트옵션 다운점퍼JGEG4725E0L1.jpg
775,776,프리마로프트 패딩코트 여성 골드샌드,./상품이미지/아우터/롱패딩/프리마로프트 패딩코트 여성 골드샌드1.jpg
776,777,반슬리 다운 여성 롱패딩 J,./상품이미지/아우터/롱패딩/반슬리 다운 여성 롱패딩75.jpg
777,778,반슬리 다운 여성 롱패딩 S,./상품이미지/아우터/롱패딩/반슬리 다운 여성 롱패딩5.jpg
778,779,시티캠퍼 롱다운 자켓_CC,./상품이미지/아우터/롱패딩/시티캠퍼 롱다운 자켓_CC1.jpg
779,780,N3B 슬림 Replica Grey,./상품이미지/아우터/롱패딩/N3B 슬림 Replica Grey1.jpg
780,781,유니섹스 헤비 덕 다운 후드 롱패딩 레드 IRO065,./상품이미지/아우터/롱패딩/유니섹스 헤비 덕 다운 후드 롱패딩 레드 IRO0651.jpg
781,782,7H80945 여성 라이프스타일 A라인 미드 패딩 자켓,./상품이미지/아우터/롱패딩/7H80945 여성 라이프스타일 A라인 미드 패딩 자켓1.jpg
782,783,리버서블 쉐르파 롱 짚업 점퍼 REVERSIBLE LONG SHERPA JP,./상품이미지/아우터/롱패딩/리버서블 쉐르파 롱 짚업 점퍼 REVERSIBLE LONG SHERPA JP1.jpg
783,784,트라이자 슈프림 구스다운 여성 멜로우샌드,./상품이미지/아우터/롱패딩/트라이자 슈프림 구스다운 여성 멜로우샌드1.jpg
784,785,여성 VA 히든퀼팅 롱패딩 점퍼,./상품이미지/아우터/롱패딩/여성 VA 히든퀼팅 롱패딩 점퍼1.jpg
785,786,여성 VA 히든퀼팅 롱패딩 점퍼 P,./상품이미지/아우터/롱패딩/여성 VA 히든퀼팅 롱패딩 점퍼97.jpg
786,787,여성 이중넥 롱벤치 다운 점퍼JGRG4723E0X,./상품이미지/아우터/롱패딩/여성 이중넥 롱벤치 다운 점퍼JGRG4723E0X1.jpg
787,788,UPPER 17°C OVER PARKA Black,./상품이미지/아우터/롱패딩/UPPER 17°C OVER PARKA Black1.jpg
788,789,WOMENs DUCKDOWN INNERCITY LONG PARKA,./상품이미지/아우터/롱패딩/WOMENs DUCKDOWN INNERCITY LONG PARKA1.jpg
789,790,시티캠퍼 롱다운 자켓_BK,./상품이미지/아우터/롱패딩/시티캠퍼 롱다운 자켓_BK1.jpg
790,791,여성 이중넥 롱벤치 다운 점퍼JGRG4723E0P,./상품이미지/아우터/롱패딩/여성 이중넥 롱벤치 다운 점퍼JGRG4723E0P1.jpg
791,792,롱 퀼팅 구스 다운_베이지,./상품이미지/아우터/롱패딩/롱 퀼팅 구스 다운_베이지1.jpg
792,793,Q42026731EN 여성 경량 롱 덕다운 자켓,./상품이미지/아우터/롱패딩/Q42026731EN 여성 경량 롱 덕다운 자켓1.jpg
793,794,여성 롱 후드 점퍼 FKDJP961F,./상품이미지/아우터/롱패딩/여성 롱 후드 점퍼 FKDJP961F1.jpg
794,795,Q42026711DV 여성 경량 롱 덕다운 자켓,./상품이미지/아우터/롱패딩/Q42026711DV 여성 경량 롱 덕다운 자켓1.jpg
795,796,YWZ 천연 양모 벨트 롱코트,./상품이미지/아우터/롱패딩/YWZ 천연 양모 벨트 롱코트1.jpg
796,797,Q42026721NV 여성 경량 롱 덕다운 자켓,./상품이미지/아우터/롱패딩/Q42026721NV 여성 경량 롱 덕다운 자켓1.jpg
797,798,Quilting long jumper 001 Ivory,./상품이미지/아우터/롱패딩/Quilting long jumper 001 Ivory1.jpg
798,799,단델리온 퀼팅 다운 자켓 블랙,./상품이미지/아우터/롱패딩/단델리온 퀼팅 다운 자켓 블랙1.jpg
799,800,셰브론 경량 패커블 롱 다운,./상품이미지/아우터/롱패딩/셰브론 경량 패커블 롱 다운1.jpg
800,801,여성 긴기장 체크 다운_WWUAW21806WHX,./상품이미지/아우터/롱패딩/여성 긴기장 체크 다운_WWUAW21806WHX1.jpg
801,802,코클 패딩자켓 W,./상품이미지/아우터/롱패딩/코클 패딩자켓 W1.jpg
802,803,배색 덕다운 롱 패딩 블랙,./상품이미지/아우터/롱패딩/배색 덕다운 롱 패딩 블랙1.jpg
803,804,레더 믹스 패딩_카키,./상품이미지/아우터/롱패딩/레더 믹스 패딩_카키1.jpg
804,805,롱 리브 여성 파카 M39LP203N 545,./상품이미지/아우터/롱패딩/롱 리브 여성 파카 M39LP203N 5451.jpg
805,806,여성 긴기장 체크 다운_WWUAW21806BKX,./상품이미지/아우터/롱패딩/여성 긴기장 체크 다운_WWUAW21806BKX1.jpg
806,807,여성 코디악 자켓 21FW,./상품이미지/아우터/롱패딩/여성 코디악 자켓 21FW1.jpg
807,808,Q42126781NV 여성 롱 다운 자켓,./상품이미지/아우터/롱패딩/Q42126781NV 여성 롱 다운 자켓1.jpg
808,809,21FW 에리시멈 리버서블 패딩자켓 1C000 35 595JG 035,./상품이미지/아우터/롱패딩/21FW 에리시멈 리버서블 패딩자켓 1C000 35 595JG 0351.jpg
809,810,Q42026741ZB 여성 경량 롱 덕다운 자켓,./상품이미지/아우터/롱패딩/Q42026741ZB 여성 경량 롱 덕다운 자켓1.jpg
810,811,덕다운 심리스 미니멀 푸퍼 숏패딩_Gray,./상품이미지/아우터/숏패딩/덕다운 심리스 미니멀 푸퍼 숏패딩_Gray1.jpg
811,812,파스텔 푸퍼_SPJPB4TG01,./상품이미지/아우터/숏패딩/파스텔 푸퍼_SPJPB4TG011.jpg
812,813,덕다운 심리스 미니멀 푸퍼 숏패딩_Black,./상품이미지/아우터/숏패딩/덕다운 심리스 미니멀 푸퍼 숏패딩_Black1.jpg
813,814,덕다운 심리스 미니멀 푸퍼 숏패딩_Khaki,./상품이미지/아우터/숏패딩/덕다운 심리스 미니멀 푸퍼 숏패딩_Khaki1.jpg
814,815,2WAY 유틸리티 후드 MA1 자켓_블랙,./상품이미지/아우터/숏패딩/2WAY 유틸리티 후드 MA1 자켓_블랙1.jpg
815,816,오버핏 코쿤 웰론 패딩,./상품이미지/아우터/숏패딩/오버핏 코쿤 웰론 패딩1.jpg
816,817,덕다운 심리스 미니멀 푸퍼 숏패딩_Cream,./상품이미지/아우터/숏패딩/덕다운 심리스 미니멀 푸퍼 숏패딩_Cream1.jpg
817,818,리버시블 라이트 다운 자켓 블랙,./상품이미지/아우터/숏패딩/리버시블 라이트 다운 자켓 블랙1.jpg
818,819,클럽 파이핑 숏 패딩 점퍼 블랙,./상품이미지/아우터/숏패딩/클럽 파이핑 숏 패딩 점퍼 블랙1.jpg
819,820,에센셜 푸퍼 숏 패딩_그레이,./상품이미지/아우터/숏패딩/에센셜 푸퍼 숏 패딩_그레이1.jpg
820,821,여성 에비 파카 블랙 ABBYBLACK,./상품이미지/아우터/숏패딩/여성 에비 파카 블랙 ABBYBLACK1.jpg
821,822,Useful Over Short Padding_Indi Beige,./상품이미지/아우터/숏패딩/Useful Over Short Padding_Indi Beige1.jpg
822,823,여성 에비 파카 네이비 ABBYNAVY,./상품이미지/아우터/숏패딩/여성 에비 파카 네이비 ABBYNAVY1.jpg
823,824,VERSATILE  여성 슬림 다운 자켓_Black,./상품이미지/아우터/숏패딩/VERSATILE  여성 슬림 다운 자켓_Black1.jpg
824,825,여성 패딩 22SS,./상품이미지/아우터/숏패딩/여성 패딩 22SS1.jpg
825,826,픽토르 U 구스다운 경량패딩,./상품이미지/아우터/숏패딩/픽토르 U 구스다운 경량패딩1.png
826,827,RDS 리버시블 숏 푸퍼 블랙,./상품이미지/아우터/숏패딩/RDS 리버시블 숏 푸퍼 블랙1.jpg
827,828,미니멀 푸퍼 숏 패딩_블랙,./상품이미지/아우터/숏패딩/미니멀 푸퍼 숏 패딩_블랙1.jpg
828,829,에스텔라 54810227000 ESTELLA 002 여자 양면 패딩 점퍼 자켓,./상품이미지/아우터/숏패딩/에스텔라 54810227000 ESTELLA 002 여자 양면 패딩 점퍼 자켓1.jpg
829,830,여성 패딩 22SS N,./상품이미지/아우터/숏패딩/여성 패딩 22SS82.jpg
830,831,에센셜 푸퍼 숏 패딩_블랙,./상품이미지/아우터/숏패딩/에센셜 푸퍼 숏 패딩_블랙1.jpg
831,832,Coline Padded Jacket_Ivory,./상품이미지/아우터/숏패딩/Coline Padded Jacket_Ivory1.jpg
832,833,Coline Padded Jacket_Grayish Khaki,./상품이미지/아우터/숏패딩/Coline Padded Jacket_Grayish Khaki1.jpg
833,834,여성 패딩 22SS Q,./상품이미지/아우터/숏패딩/여성 패딩 22SS37.jpg
834,835,에스텔라 54810227000 ESTELLA 014 여자 양면 패딩 점퍼 자켓,./상품이미지/아우터/숏패딩/에스텔라 54810227000 ESTELLA 014 여자 양면 패딩 점퍼 자켓1.jpg
835,836,여성 패딩 22SS B,./상품이미지/아우터/숏패딩/여성 패딩 22SS78.jpg
836,837,여성 리버시블 패딩 22SS,./상품이미지/아우터/숏패딩/여성 리버시블 패딩 22SS1.jpg
837,838,플라이트 튜브 경량 구스다운 블랙,./상품이미지/아우터/숏패딩/플라이트 튜브 경량 구스다운 블랙1.jpg
838,839,여성 KEMPTOWNSHT 자켓 22SS,./상품이미지/아우터/숏패딩/여성 KEMPTOWNSHT 자켓 22SS1.jpg
839,840,오버핏 코쿤 웰론 패딩 H,./상품이미지/아우터/숏패딩/오버핏 코쿤 웰론 패딩25.jpg
840,841,여성 패딩 자켓 22SS,./상품이미지/아우터/숏패딩/여성 패딩 자켓 22SS1.jpg
841,842,미니멀 다운 오버 숏 패딩_블랙,./상품이미지/아우터/숏패딩/미니멀 다운 오버 숏 패딩_블랙1.jpg
842,843,에센셜 푸퍼 숏 패딩_크림,./상품이미지/아우터/숏패딩/에센셜 푸퍼 숏 패딩_크림1.jpg
843,844,클럽 파이핑 숏 패딩 점퍼 그레이,./상품이미지/아우터/숏패딩/클럽 파이핑 숏 패딩 점퍼 그레이1.jpg
844,845,카에리에 플리스 PWHYBFP31 OFF WHITE 여자 후드 패딩 점퍼 자켓 레귤러핏,./상품이미지/아우터/숏패딩/카에리에 플리스 PWHYBFP31 OFF WHITE 여자 후드 패딩 점퍼 자켓 레귤러핏1.jpg
845,846,카에리에 플리스 PWHYBFP31 BIRCH 여자 후드 패딩 점퍼 자켓 레귤러핏,./상품이미지/아우터/숏패딩/카에리에 플리스 PWHYBFP31 BIRCH 여자 후드 패딩 점퍼 자켓 레귤러핏1.jpg
846,847,컨템포러리 에어 포스 패딩 라이트그레이,./상품이미지/아우터/숏패딩/컨템포러리 에어 포스 패딩 라이트그레이1.jpg
847,848,픽토르 튜브 구스다운 여성 경량패딩,./상품이미지/아우터/숏패딩/픽토르 튜브 구스다운 여성 경량패딩1.jpg
848,849,여성 리버시블 패딩 22SS W,./상품이미지/아우터/숏패딩/여성 리버시블 패딩 22SS56.jpg
849,850,덕다운 하이넥 푸퍼 패딩_Cream,./상품이미지/아우터/숏패딩/덕다운 하이넥 푸퍼 패딩_Cream1.jpg
850,851,여성 패딩 22SS M,./상품이미지/아우터/숏패딩/여성 패딩 22SS5.jpg
851,852,여성 패딩 22SS D,./상품이미지/아우터/숏패딩/여성 패딩 22SS95.jpg
852,853,여성 리버시블 패딩 22SS T,./상품이미지/아우터/숏패딩/여성 리버시블 패딩 22SS74.jpg
853,854,여성 패딩 22SS Z,./상품이미지/아우터/숏패딩/여성 패딩 22SS83.jpg
854,855,여성 패딩 22SS H,./상품이미지/아우터/숏패딩/여성 패딩 22SS19.jpg
855,856,덕다운 하이넥 푸퍼 패딩_Black,./상품이미지/아우터/숏패딩/덕다운 하이넥 푸퍼 패딩_Black1.jpg
856,857,블랙 로고패치 에어 패딩점퍼,./상품이미지/아우터/숏패딩/블랙 로고패치 에어 패딩점퍼1.jpg
857,858,여성 패딩 22SS E,./상품이미지/아우터/숏패딩/여성 패딩 22SS20.jpg
858,859,여성 패딩 22SS S,./상품이미지/아우터/숏패딩/여성 패딩 22SS47.jpg
859,860,킴 웜업 PWHYBWU33 BLACK 여자 후드 패딩 점퍼 자켓 슬림핏,./상품이미지/아우터/숏패딩/킴 웜업 PWHYBWU33 BLACK 여자 후드 패딩 점퍼 자켓 슬림핏1.jpg
860,861,여성 LOCTUDY 패딩 22SS,./상품이미지/아우터/숏패딩/여성 LOCTUDY 패딩 22SS1.jpg
861,862,아이린 슈퍼 라이트 웨이트 PWPUFSL34 OFF WHITE 여자 후드 패딩 점퍼 자켓 레귤러핏,./상품이미지/아우터/숏패딩/아이린 슈퍼 라이트 웨이트 PWPUFSL34 OFF WHITE 여자 후드 패딩 점퍼 자켓 레귤러핏1.jpg
862,863,미니멀 푸퍼 숏 패딩_라이트 베이지,./상품이미지/아우터/숏패딩/미니멀 푸퍼 숏 패딩_라이트 베이지1.jpg
863,864,올리비아 웜업 PWHYBWU31 OFF WHITE 여자 패딩 점퍼 자켓 슬림핏,./상품이미지/아우터/숏패딩/올리비아 웜업 PWHYBWU31 OFF WHITE 여자 패딩 점퍼 자켓 슬림핏1.jpg
864,865,올리비아 웜업 PWHYBWU31 BLACK 여자 패딩 점퍼 자켓 슬림핏,./상품이미지/아우터/숏패딩/올리비아 웜업 PWHYBWU31 BLACK 여자 패딩 점퍼 자켓 슬림핏1.jpg
865,866,F204UDW905 라이트 스탠드 넥 다운 BLACK,./상품이미지/아우터/숏패딩/F204UDW905 라이트 스탠드 넥 다운 BLACK1.jpg
866,867,리버시블 라이트 다운 자켓 베이지,./상품이미지/아우터/숏패딩/리버시블 라이트 다운 자켓 베이지1.jpg
867,868,리버서블 후드탈착 푸퍼_SPJPB4VG01,./상품이미지/아우터/숏패딩/리버서블 후드탈착 푸퍼_SPJPB4VG011.jpg
868,869,덕다운 심리스 미니멀 푸퍼 숏패딩_Silver Gray,./상품이미지/아우터/숏패딩/덕다운 심리스 미니멀 푸퍼 숏패딩_Silver Gray1.jpg
869,870,WOMEN 덕다운 크롭 오버핏 레더 패딩  오리털 숏패딩,./상품이미지/아우터/숏패딩/WOMEN 덕다운 크롭 오버핏 레더 패딩  오리털 숏패딩1.jpg
870,871,JMark New York Short Duck Down padding Ivory,./상품이미지/아우터/숏패딩/JMark New York Short Duck Down padding Ivory1.jpg
871,872,올 타임 챌린저 다운 자켓 블랙 93254201,./상품이미지/아우터/숏패딩/올 타임 챌린저 다운 자켓 블랙 932542011.jpg
872,873,미니멀 다운 오버 숏 패딩_크림,./상품이미지/아우터/숏패딩/미니멀 다운 오버 숏 패딩_크림1.jpg
873,874,Logo Puffer Short Padding_Gray,./상품이미지/아우터/숏패딩/Logo Puffer Short Padding_Gray1.jpg
874,875,브라운 하이넥 쇼트 덕 다운,./상품이미지/아우터/숏패딩/브라운 하이넥 쇼트 덕 다운1.jpg
875,876,미니멀 다운 오버 숏 패딩_라이트 그레이,./상품이미지/아우터/숏패딩/미니멀 다운 오버 숏 패딩_라이트 그레이1.jpg
876,877,N204WDW930 여성 타루가 RDS 덕 다운 점퍼 O WHITE,./상품이미지/아우터/숏패딩/N204WDW930 여성 타루가 RDS 덕 다운 점퍼 O WHITE1.jpg
877,878,덕다운 쉬링 무톤 푸퍼 패딩_Black,./상품이미지/아우터/숏패딩/덕다운 쉬링 무톤 푸퍼 패딩_Black1.jpg
878,879,픽시버G 넥리스 튜브 구스다운 여성 경량패딩,./상품이미지/아우터/숏패딩/픽시버G 넥리스 튜브 구스다운 여성 경량패딩1.jpg
879,880,클럽 파이핑 숏 패딩 점퍼 실버 그레이,./상품이미지/아우터/숏패딩/클럽 파이핑 숏 패딩 점퍼 실버 그레이1.jpg
880,881,디아고날 다운 자켓 LIGHT GREY,./상품이미지/아우터/숏패딩/디아고날 다운 자켓 LIGHT GREY1.jpg
881,882,588 스트링 디테일드 패딩_블랙,./상품이미지/아우터/숏패딩/588 스트링 디테일드 패딩_블랙1.jpg
882,883,N214WDW930 여성 타루가 RDS 덕 다운 점퍼 CARBON BLACK,./상품이미지/아우터/숏패딩/N214WDW930 여성 타루가 RDS 덕 다운 점퍼 CARBON BLACK1.jpg
883,884,오렌지 로고패치 에어 패딩점퍼,./상품이미지/아우터/숏패딩/오렌지 로고패치 에어 패딩점퍼1.jpg
884,885,스카이 블루 하이넥 쇼트 덕 다운,./상품이미지/아우터/숏패딩/스카이 블루 하이넥 쇼트 덕 다운1.jpg
885,886,미니멀 다운 오버 숏 패딩_스카이 블루,./상품이미지/아우터/숏패딩/미니멀 다운 오버 숏 패딩_스카이 블루1.jpg
886,887,덕다운 심리스 미니멀 푸퍼 숏패딩_Dim Gray,./상품이미지/아우터/숏패딩/덕다운 심리스 미니멀 푸퍼 숏패딩_Dim Gray1.jpg
887,888,여성 라이트 웨이트 다운 자켓PGPPW610121,./상품이미지/아우터/숏패딩/여성 라이트 웨이트 다운 자켓PGPPW6101211.jpg
888,889,에센셜 숏 구스 다운,./상품이미지/아우터/숏패딩/에센셜 숏 구스 다운1.jpg
889,890,NYPM 푸퍼 숏패딩 자켓 그레이,./상품이미지/아우터/숏패딩/NYPM 푸퍼 숏패딩 자켓 그레이1.jpg
890,891,545 라운드 퀼팅 패딩 자켓_블랙,./상품이미지/아우터/숏패딩/545 라운드 퀼팅 패딩 자켓_블랙1.jpg
891,892,리버시블 쉬링 무톤 몬스터 패딩_Sand Beige,./상품이미지/아우터/숏패딩/리버시블 쉬링 무톤 몬스터 패딩_Sand Beige1.jpg
892,893,베이지 후드 에코 쇼트 패딩,./상품이미지/아우터/숏패딩/베이지 후드 에코 쇼트 패딩1.jpg
893,894,모르갓 1A00022 68950 999 여자 숏 패딩 점퍼 자켓,./상품이미지/아우터/숏패딩/모르갓 1A00022 68950 999 여자 숏 패딩 점퍼 자켓1.jpg
894,895,유스풀 오버 숏 패딩_카키,./상품이미지/아우터/숏패딩/유스풀 오버 숏 패딩_카키1.jpg
895,896,코듀로이 다이아몬드 퀼팅 DRANEFELD 8039116 A1420 여자 자켓,./상품이미지/아우터/숏패딩/코듀로이 다이아몬드 퀼팅 DRANEFELD 8039116 A1420 여자 자켓1.jpg
896,897,에센셜 구스 숏다운,./상품이미지/아우터/숏패딩/에센셜 구스 숏다운1.jpg
897,898,6301 크롭 패딩 점퍼_블랙,./상품이미지/아우터/숏패딩/6301 크롭 패딩 점퍼_블랙1.jpg
898,899,그레이 부클 칼라 쇼트 덕 다운,./상품이미지/아우터/숏패딩/그레이 부클 칼라 쇼트 덕 다운1.jpg
899,900,덕다운 쉬링 무톤 푸퍼 패딩_Camel,./상품이미지/아우터/숏패딩/덕다운 쉬링 무톤 푸퍼 패딩_Camel1.jpg
900,901,울리치 발마칸 오버 코트_Black,./상품이미지/아우터/코트/울리치 발마칸 오버 코트_Black1.jpg
901,902,Wool Trench Coat Black,./상품이미지/아우터/코트/Wool Trench Coat Black1.jpg
902,903,파리지앵 울 트렌치 코트,./상품이미지/아우터/코트/파리지앵 울 트렌치 코트1.jpg
903,904,울리치 발마칸 오버 코트_Saddle Brown,./상품이미지/아우터/코트/울리치 발마칸 오버 코트_Saddle Brown1.jpg
904,905,YY niche doublebreasted coat,./상품이미지/아우터/코트/YY niche doublebreasted coat1.jpg
905,906,와이드 카라 롱 코트_블랙,./상품이미지/아우터/코트/와이드 카라 롱 코트_블랙1.jpg
906,907,파리지앵 울 트렌치 코트 H,./상품이미지/아우터/코트/파리지앵 울 트렌치 코트78.jpg
907,908,여성 PAULINE 코트 22SS,./상품이미지/아우터/코트/여성 PAULINE 코트 22SS1.jpg
908,909,마스 숄카라 빅포켓 울 롱코트 네이비 MARS07NA,./상품이미지/아우터/코트/마스 숄카라 빅포켓 울 롱코트 네이비 MARS07NA1.jpg
909,910,마스 뒤트임 벨티드 핸드메이드 울 롱코트 그레이베이지 MARS06GB,./상품이미지/아우터/코트/마스 뒤트임 벨티드 핸드메이드 울 롱코트 그레이베이지 MARS06GB1.jpg
910,911,레글런 울 발마칸 코트 블랙,./상품이미지/아우터/코트/레글런 울 발마칸 코트 블랙1.jpg
911,912,W221 single collar wool coat black,./상품이미지/아우터/코트/W221 single collar wool coat black1.jpg
912,913,여성 POLLY 코트 22SS,./상품이미지/아우터/코트/여성 POLLY 코트 22SS1.jpg
913,914,Bliss cape wool coat _BEIGE,./상품이미지/아우터/코트/Bliss cape wool coat _BEIGE1.jpg
914,915,Bliss cape wool coat _BLACK,./상품이미지/아우터/코트/Bliss cape wool coat _BLACK1.jpg
915,916,울리치 발마칸 오버 코트_Oatmeal,./상품이미지/아우터/코트/울리치 발마칸 오버 코트_Oatmeal1.jpg
916,917,카키 울 블렌드 발마칸 코트,./상품이미지/아우터/코트/카키 울 블렌드 발마칸 코트1.jpg
917,918,클로드2 울  핸드메이드 코트_카멜,./상품이미지/아우터/코트/클로드2 울  핸드메이드 코트_카멜1.jpg
918,919,클로드2 울  핸드메이드 코트_네이비,./상품이미지/아우터/코트/클로드2 울  핸드메이드 코트_네이비1.jpg
919,920,클로드2 울  핸드메이드 코트_카멜 Q,./상품이미지/아우터/코트/클로드2 울  핸드메이드 코트_카멜11.jpg
920,921,여성 PACOS 코트 22SS,./상품이미지/아우터/코트/여성 PACOS 코트 22SS1.jpg
921,922,클로드2 울  핸드메이드 코트_네이비 P,./상품이미지/아우터/코트/클로드2 울  핸드메이드 코트_네이비29.jpg
922,923,W21wool single collar half quilting coat brown,./상품이미지/아우터/코트/W21wool single collar half quilting coat brown1.jpg
923,924,balloon half coat,./상품이미지/아우터/코트/balloon half coat1.jpg
924,925,6502 오버핏 울100 롱 코트_네이비,./상품이미지/아우터/코트/6502 오버핏 울100 롱 코트_네이비1.jpg
925,926,BELT BUTTON COAT BLACK,./상품이미지/아우터/코트/BELT BUTTON COAT BLACK1.jpg
926,927,암스 울 루즈핏 숏 코트_애쉬그레이,./상품이미지/아우터/코트/암스 울 루즈핏 숏 코트_애쉬그레이1.jpg
927,928,CASHMERE WOOL SINGLE COAT,./상품이미지/아우터/코트/CASHMERE WOOL SINGLE COAT1.jpg
928,929,래글런 싱글 핸드메이드 코트_AWHCTL41130,./상품이미지/아우터/코트/래글런 싱글 핸드메이드 코트_AWHCTL411301.jpg
929,930,브라운 헤링본 소이 울 싱글 코트 BROWN HERRINGBONE SOY WOOL SINGLE COAT,./상품이미지/아우터/코트/브라운 헤링본 소이 울 싱글 코트 BROWN HERRINGBONE SOY WOOL SINGLE COAT1.jpg
930,931,하프 울 맥코트 Check,./상품이미지/아우터/코트/하프 울 맥코트 Check1.jpg
931,932,캐시미어 하이넥 핸드메이드 코트_AWHCTL41080,./상품이미지/아우터/코트/캐시미어 하이넥 핸드메이드 코트_AWHCTL410801.jpg
932,933,6501 오버핏 캐시미어20 롱 코트_베이지,./상품이미지/아우터/코트/6501 오버핏 캐시미어20 롱 코트_베이지1.jpg
933,934,핸드메이드 캐시미어 블랜드 제니 롱 코트,./상품이미지/아우터/코트/핸드메이드 캐시미어 블랜드 제니 롱 코트1.jpg
934,935,W21 wool single collar half quilting coat beige,./상품이미지/아우터/코트/W21 wool single collar half quilting coat beige1.jpg
935,936,포켓 포인트 하프 코트_그레이,./상품이미지/아우터/코트/포켓 포인트 하프 코트_그레이1.jpg
936,937,빅카라 부클코트 민트,./상품이미지/아우터/코트/빅카라 부클코트 민트1.jpg
937,938,21FW 4 COAT 004,./상품이미지/아우터/코트/21FW 4 COAT 0041.jpg
938,939,울리치 세미오버핏 싱글 체크 코트,./상품이미지/아우터/코트/울리치 세미오버핏 싱글 체크 코트1.jpg
939,940,21FW 4 COAT 010,./상품이미지/아우터/코트/21FW 4 COAT 0101.jpg
940,941,여성 슬림 기모 쿠션지 웜업 팬츠KFZG7224C03,./상품이미지/아우터/코트/여성 슬림 기모 쿠션지 웜업 팬츠KFZG7224C031.jpg
941,942,DOUBLE WOOL PEACOAT  204CC10HD101,./상품이미지/아우터/코트/DOUBLE WOOL PEACOAT  204CC10HD1011.jpg
942,943,싱글 롱 코트_블랙,./상품이미지/아우터/코트/싱글 롱 코트_블랙1.jpg
943,944,덕다운 클래식 싱글 패딩코트_Khaki,./상품이미지/아우터/코트/덕다운 클래식 싱글 패딩코트_Khaki1.jpg
944,945,캐시미어 와이드 칼라 코트_AWHCTL41020,./상품이미지/아우터/코트/캐시미어 와이드 칼라 코트_AWHCTL410201.jpg
945,946,3포켓 미디엄 코트,./상품이미지/아우터/코트/3포켓 미디엄 코트1.jpg
946,947,MELTON BALMACAAN SINGLE COAT,./상품이미지/아우터/코트/MELTON BALMACAAN SINGLE COAT1.jpg
947,948,벨티드 울 와이드 칼라 코트_AWHCTL41120,./상품이미지/아우터/코트/벨티드 울 와이드 칼라 코트_AWHCTL411201.jpg
948,949,Fur Long Padding Coat_Light Beige,./상품이미지/아우터/코트/Fur Long Padding Coat_Light Beige1.jpg
949,950,후드 베스트 레이어드 울 코트 KA,./상품이미지/아우터/코트/후드 베스트 레이어드 울 코트 KA1.jpg
950,951,울리치 히든 싱글 롱 체크 코트,./상품이미지/아우터/코트/울리치 히든 싱글 롱 체크 코트1.jpg
951,952,롤업 숏 코트,./상품이미지/아우터/코트/롤업 숏 코트1.jpg
952,953,캐시미어 블렌드 테일러드 롱 코트 BK_K214PSG708,./상품이미지/아우터/코트/캐시미어 블렌드 테일러드 롱 코트 BK_K214PSG7081.jpg
953,954,J스탠카라싱글롱코트 JVCA72C1,./상품이미지/아우터/코트/J스탠카라싱글롱코트 JVCA72C11.jpg
954,955,유니섹스 헤어리 울 코트 재킷  버드아이 그레이,./상품이미지/아우터/코트/유니섹스 헤어리 울 코트 재킷  버드아이 그레이1.jpg
955,956,헤링본 핸드메이드 후드 울 롱코트 MI11HC207HJJ,./상품이미지/아우터/코트/헤링본 핸드메이드 후드 울 롱코트 MI11HC207HJJ1.jpg
956,957,Ailey 헤링본 하프 코트,./상품이미지/아우터/코트/Ailey 헤링본 하프 코트1.jpg
957,958,여성 융기모 웜업 팬츠KFZG7226D0L,./상품이미지/아우터/코트/여성 융기모 웜업 팬츠KFZG7226D0L1.jpg
958,959,Jane No collar 2button long coat_Black,./상품이미지/아우터/코트/Jane No collar 2button long coat_Black1.jpg
959,960,COOKIE DUMBLE COAT  GREY,./상품이미지/아우터/코트/COOKIE DUMBLE COAT  GREY1.jpg
960,961,EVERYDAY MINI COAT,./상품이미지/아우터/코트/EVERYDAY MINI COAT1.jpg
961,962,클래식 테일러드 롱 코트_블랙,./상품이미지/아우터/코트/클래식 테일러드 롱 코트_블랙1.jpg
962,963,빅카라 부클코트 블랙,./상품이미지/아우터/코트/빅카라 부클코트 블랙1.jpg
963,964,W221 single collar wool coat dark beige,./상품이미지/아우터/코트/W221 single collar wool coat dark beige1.jpg
964,965,R KNIT DUFFLE COAT_BEIGE,./상품이미지/아우터/코트/R KNIT DUFFLE COAT_BEIGE1.jpg
965,966,handmade wool trench CTyellow beige,./상품이미지/아우터/코트/handmade wool trench CTyellow beige1.jpg
966,967,Double Stitch Collar OverCoat,./상품이미지/아우터/코트/Double Stitch Collar OverCoat1.jpg
967,968,Sailor long coat Navy,./상품이미지/아우터/코트/Sailor long coat Navy1.jpg
968,969,COOKIE DUMBLE COAT  IVORY,./상품이미지/아우터/코트/COOKIE DUMBLE COAT  IVORY1.jpg
969,970,덕다운 클래식 싱글 패딩코트_Black,./상품이미지/아우터/코트/덕다운 클래식 싱글 패딩코트_Black1.jpg
970,971,울 혼방 오버사이즈 싱글 코트 옐로우 체크,./상품이미지/아우터/코트/울 혼방 오버사이즈 싱글 코트 옐로우 체크1.jpg
971,972,Dumble&EmbroideryPadding Reversible Coat SF9WC00591,./상품이미지/아우터/코트/Dumble&EmbroideryPadding Reversible Coat SF9WC005911.jpg
972,973,슬림 웨이스트 싱글 코트,./상품이미지/아우터/코트/슬림 웨이스트 싱글 코트1.jpg
973,974,DOUBLE WOOL PEACOAT  204CC10HD342,./상품이미지/아우터/코트/DOUBLE WOOL PEACOAT  204CC10HD3421.jpg
974,975,알버튼 테디베어 코트_블랙,./상품이미지/아우터/코트/알버튼 테디베어 코트_블랙1.jpg
975,976,헤링본 오버코트,./상품이미지/아우터/코트/헤링본 오버코트1.jpg
976,977,alpaca blend herringbone coat brown,./상품이미지/아우터/코트/alpaca blend herringbone coat brown1.jpg
977,978,W COAT 021,./상품이미지/아우터/코트/W COAT 0211.jpg
978,979,W221 single collar wool coat otmil,./상품이미지/아우터/코트/W221 single collar wool coat otmil1.jpg
979,980,CASHMERE WOOL BLEND SINGLE BREASTED COAT BK,./상품이미지/아우터/코트/CASHMERE WOOL BLEND SINGLE BREASTED COAT BK1.jpg
980,981,W COAT 025,./상품이미지/아우터/코트/W COAT 0251.jpg
981,982,OVERSIZE WOOL CHECK ROBE COAT,./상품이미지/아우터/코트/OVERSIZE WOOL CHECK ROBE COAT1.jpg
982,983,테스 포켓 코트 블랙,./상품이미지/아우터/코트/테스 포켓 코트 블랙1.jpg
983,984,SINGLE WOOL COAT BLACK,./상품이미지/아우터/코트/SINGLE WOOL COAT BLACK1.jpg
984,985,MELANGE WOOL COAT,./상품이미지/아우터/코트/MELANGE WOOL COAT1.jpg
985,986,fox single handmade CTblack,./상품이미지/아우터/코트/fox single handmade CTblack1.jpg
986,987,SINGLE BREASTED CASHMERE AND WOOL BLEND COAT BK,./상품이미지/아우터/코트/SINGLE BREASTED CASHMERE AND WOOL BLEND COAT BK1.jpg
987,988,덕다운 클래식 싱글 패딩코트_Sand Beige,./상품이미지/아우터/코트/덕다운 클래식 싱글 패딩코트_Sand Beige1.jpg
988,989,벨트 엠보싱 싱글 코트_블루,./상품이미지/아우터/코트/벨트 엠보싱 싱글 코트_블루1.jpg
989,990,handmade wool trench CTcamel,./상품이미지/아우터/코트/handmade wool trench CTcamel1.jpg
990,991,포플린 코튼 와이드 칼라 맥코트_Begie,./상품이미지/아우터/트렌치 코트/포플린 코튼 와이드 칼라 맥코트_Begie1.jpg
991,992,울 트렌치 코트,./상품이미지/아우터/트렌치 코트/울 트렌치 코트1.jpg
992,993,6201 오버사이즈 트렌치 코트 _ 블랙,./상품이미지/아우터/트렌치 코트/6201 오버사이즈 트렌치 코트 _ 블랙1.jpg
993,994,리지 드로우 스트링 트렌치코트_베이지,./상품이미지/아우터/트렌치 코트/리지 드로우 스트링 트렌치코트_베이지1.jpg
994,995,6201 오버사이즈 트렌치 코트 _ 베이지,./상품이미지/아우터/트렌치 코트/6201 오버사이즈 트렌치 코트 _ 베이지1.jpg
995,996,롤업소매 슬릿 루즈핏 롱 자켓 MJ05JK205HJJ,./상품이미지/아우터/트렌치 코트/롤업소매 슬릿 루즈핏 롱 자켓 MJ05JK205HJJ1.gif
996,997,Mac half trench coat,./상품이미지/아우터/트렌치 코트/Mac half trench coat1.jpg
997,998,블랙 화섬 트렌치 코트,./상품이미지/아우터/트렌치 코트/블랙 화섬 트렌치 코트1.jpg
998,999,오버사이즈 더블 트렌치 코트_그레이,./상품이미지/아우터/트렌치 코트/오버사이즈 더블 트렌치 코트_그레이1.jpg
999,1000,누메르 코튼 트렌치 코트 아이보리레이스,./상품이미지/아우터/트렌치 코트/누메르 코튼 트렌치 코트 아이보리레이스1.jpg
1000,1001,롤업소매 슬릿 포인트 롱 자켓 MJ03JK201HJJ,./상품이미지/아우터/트렌치 코트/롤업소매 슬릿 포인트 롱 자켓 MJ03JK201HJJ1.jpg
1001,1002,RAGLAN SLEEVE TRENCH COAT GREY,./상품이미지/아우터/트렌치 코트/RAGLAN SLEEVE TRENCH COAT GREY1.jpg
1002,1003,클래식 체크 맥코트  S22A02001,./상품이미지/아우터/트렌치 코트/클래식 체크 맥코트  S22A020011.jpg
1003,1004,RAGLAN SLEEVE TRENCH COAT BEIGE,./상품이미지/아우터/트렌치 코트/RAGLAN SLEEVE TRENCH COAT BEIGE1.jpg
1004,1005,오버사이즈 더블 트렌치 코트_블랙,./상품이미지/아우터/트렌치 코트/오버사이즈 더블 트렌치 코트_블랙1.jpg
1005,1006,Single Breasted Leather Coat Charcoal,./상품이미지/아우터/트렌치 코트/Single Breasted Leather Coat Charcoal1.jpg
1006,1007,Peaked Lapel Coat Gray,./상품이미지/아우터/트렌치 코트/Peaked Lapel Coat Gray1.jpg
1007,1008,누메르 코튼 트렌치 코트 로즈던,./상품이미지/아우터/트렌치 코트/누메르 코튼 트렌치 코트 로즈던1.jpg
1008,1009,Oversized SingleBreasted Coat Beige,./상품이미지/아우터/트렌치 코트/Oversized SingleBreasted Coat Beige1.jpg
1009,1010,SINGLE BREASTED TRENCH COAT KHAKI,./상품이미지/아우터/트렌치 코트/SINGLE BREASTED TRENCH COAT KHAKI1.jpg
1010,1011,Peaked Lapel Coat Beige,./상품이미지/아우터/트렌치 코트/Peaked Lapel Coat Beige1.jpg
1011,1012,Single Breasted Leather Coat Beige,./상품이미지/아우터/트렌치 코트/Single Breasted Leather Coat Beige1.jpg
1012,1013,Collar SingleBreasted Trench Coat Dark Beige,./상품이미지/아우터/트렌치 코트/Collar SingleBreasted Trench Coat Dark Beige1.jpg
1013,1014,Oversized SingleBreasted Coat Black,./상품이미지/아우터/트렌치 코트/Oversized SingleBreasted Coat Black1.jpg
1014,1015,Collar SingleBreasted Trench Coat Warm Gray,./상품이미지/아우터/트렌치 코트/Collar SingleBreasted Trench Coat Warm Gray1.jpg
1015,1016,클래식 체크 맥코트  S22A02001 H,./상품이미지/아우터/트렌치 코트/클래식 체크 맥코트  S22A0200185.jpg
1016,1017,Pleta Trench Coat,./상품이미지/아우터/트렌치 코트/Pleta Trench Coat1.jpg
1017,1018,Glopue Coat,./상품이미지/아우터/트렌치 코트/Glopue Coat1.jpg
1018,1019,Papper double long coat_begie,./상품이미지/아우터/트렌치 코트/Papper double long coat_begie1.jpg
1019,1020,Papper double long coat_brown,./상품이미지/아우터/트렌치 코트/Papper double long coat_brown1.jpg
1020,1021,VEGAN LEATHER SINGLE COAT IVORY,./상품이미지/아우터/트렌치 코트/VEGAN LEATHER SINGLE COAT IVORY1.jpg
1021,1022,Mauss Artificial Leather Coat,./상품이미지/아우터/트렌치 코트/Mauss Artificial Leather Coat1.jpg
1022,1023,Clara Artificial Leather Trench Coat,./상품이미지/아우터/트렌치 코트/Clara Artificial Leather Trench Coat1.jpg
1023,1024,여성 코트 #웨더코트 롱_TVJJS22422BEI,./상품이미지/아우터/트렌치 코트/여성 코트 #웨더코트 롱_TVJJS22422BEI1.jpg
1024,1025,여성 코트 #웨더코트 롱_TVJJS22422LMI,./상품이미지/아우터/트렌치 코트/여성 코트 #웨더코트 롱_TVJJS22422LMI1.jpg
1025,1026,래글런 싱글 트렌치 코트 아이보리,./상품이미지/아우터/트렌치 코트/래글런 싱글 트렌치 코트 아이보리1.jpg
1026,1027,레이온 트렌치 맥코트 그레이 MDCT004GRAY,./상품이미지/아우터/트렌치 코트/레이온 트렌치 맥코트 그레이 MDCT004GRAY1.jpg
1027,1028,벨티드 프린팅 포인트 트렌치 코트 MJ03BY202HJJ,./상품이미지/아우터/트렌치 코트/벨티드 프린팅 포인트 트렌치 코트 MJ03BY202HJJ1.gif
1028,1029,래글런 싱글 트렌치 코트 베이지,./상품이미지/아우터/트렌치 코트/래글런 싱글 트렌치 코트 베이지1.jpg
1029,1030,코튼 트렌치 맥코트 네이비 MDCT003NAVY,./상품이미지/아우터/트렌치 코트/코튼 트렌치 맥코트 네이비 MDCT003NAVY1.jpg
1030,1031,BELTED SHORT TRENCH JACKET,./상품이미지/아우터/트렌치 코트/BELTED SHORT TRENCH JACKET1.jpg
1031,1032,포플린 코튼 벌룬 트렌치 코트_Black,./상품이미지/아우터/트렌치 코트/포플린 코튼 벌룬 트렌치 코트_Black1.jpg
1032,1033,코튼 트렌치 맥코트 블랙 MDCT003BLACK,./상품이미지/아우터/트렌치 코트/코튼 트렌치 맥코트 블랙 MDCT003BLACK1.jpg
1033,1034,레이온 트렌치 맥코트 블랙 MDCT004RNBLACK,./상품이미지/아우터/트렌치 코트/레이온 트렌치 맥코트 블랙 MDCT004RNBLACK1.jpg
1034,1035,Cotton blended mac trench coat in Beige,./상품이미지/아우터/트렌치 코트/Cotton blended mac trench coat in Beige1.jpg
1035,1036,디바이드 트렌치코트,./상품이미지/아우터/트렌치 코트/디바이드 트렌치코트1.jpg
1036,1037,스트라이프 트렌치 베스트,./상품이미지/아우터/트렌치 코트/스트라이프 트렌치 베스트1.jpg
1037,1038,Romantic trench coat in Cream,./상품이미지/아우터/트렌치 코트/Romantic trench coat in Cream1.jpg
1038,1039,Romantic trench coat in Beige,./상품이미지/아우터/트렌치 코트/Romantic trench coat in Beige1.jpg
1039,1040,Cotton blended mac trench coat in Blue,./상품이미지/아우터/트렌치 코트/Cotton blended mac trench coat in Blue1.jpg
1040,1041,베이지 쇼트 더블 트렌치 코트,./상품이미지/아우터/트렌치 코트/베이지 쇼트 더블 트렌치 코트1.jpg
1041,1042,스티치 백 버튼 포인트 트렌치_스카이블루,./상품이미지/아우터/트렌치 코트/스티치 백 버튼 포인트 트렌치_스카이블루1.jpg
1042,1043,벨티드 스트라이프 포인트 퍼프소매 트렌치코트 MJ03BY201HJJ,./상품이미지/아우터/트렌치 코트/벨티드 스트라이프 포인트 퍼프소매 트렌치코트 MJ03BY201HJJ1.gif
1043,1044,Noncollar Double Trench _ Ivory,./상품이미지/아우터/트렌치 코트/Noncollar Double Trench _ Ivory1.jpg
1044,1045,Noncollar Double Trench _ Black,./상품이미지/아우터/트렌치 코트/Noncollar Double Trench _ Black1.jpg
1045,1046,Pearl Button Trench _ Navy,./상품이미지/아우터/트렌치 코트/Pearl Button Trench _ Navy1.jpg
1046,1047,입체포켓 경량 코트 베이지,./상품이미지/아우터/트렌치 코트/입체포켓 경량 코트 베이지1.jpg
1047,1048,포켓 맥코트 베이지,./상품이미지/아우터/트렌치 코트/포켓 맥코트 베이지1.jpg
1048,1049,Pearl Button Trench _ Ivory,./상품이미지/아우터/트렌치 코트/Pearl Button Trench _ Ivory1.jpg
1049,1050,Nouveau mac coat,./상품이미지/아우터/트렌치 코트/Nouveau mac coat1.jpg
1050,1051,Italian wool lounge coat,./상품이미지/아우터/트렌치 코트/Italian wool lounge coat1.jpg
1051,1052,Belted stand collar trench coat in Ivory,./상품이미지/아우터/트렌치 코트/Belted stand collar trench coat in Ivory1.jpg
1052,1053,Belted stand collar trench coat in Beige,./상품이미지/아우터/트렌치 코트/Belted stand collar trench coat in Beige1.jpg
1053,1054,BALMACAAN BELTED COAT,./상품이미지/아우터/트렌치 코트/BALMACAAN BELTED COAT1.jpg
1054,1055,OVER COLLAR COATED LONG COAT,./상품이미지/아우터/트렌치 코트/OVER COLLAR COATED LONG COAT1.jpg
1055,1056,DD white world trench coat,./상품이미지/아우터/트렌치 코트/DD white world trench coat1.jpg
1056,1057,BALMACAAN BELTED COAT J,./상품이미지/아우터/트렌치 코트/BALMACAAN BELTED COAT98.jpg
1057,1058,어반 필드 후드 코트,./상품이미지/아우터/트렌치 코트/어반 필드 후드 코트1.jpg
1058,1059,Sailor trench coat Yellow beige,./상품이미지/아우터/트렌치 코트/Sailor trench coat Yellow beige1.jpg
1059,1060,Nocturne classic trenchcoat,./상품이미지/아우터/트렌치 코트/Nocturne classic trenchcoat1.jpg
1060,1061,어반 필드 후드 코트 P,./상품이미지/아우터/트렌치 코트/어반 필드 후드 코트96.jpg
1061,1062,코튼 후드 트렌치 코트 차콜,./상품이미지/아우터/트렌치 코트/코튼 후드 트렌치 코트 차콜1.jpg
1062,1063,Citi Windbreaker Trench_Cream,./상품이미지/아우터/트렌치 코트/Citi Windbreaker Trench_Cream1.jpg
1063,1064,Citi Windbreaker Trench_Navy,./상품이미지/아우터/트렌치 코트/Citi Windbreaker Trench_Navy1.jpg
1064,1065,마스 캐주얼 유니크 체크숄카라 벨티드 헤링본 면혼방 트렌치코트 민트그레이 MARS01MG,./상품이미지/아우터/트렌치 코트/마스 캐주얼 유니크 체크숄카라 벨티드 헤링본 면혼방 트렌치코트 민트그레이 MARS01MG1.jpg
1065,1066,마스 캐주얼 유니크 스퀘어 빅카라 소매배색 면 트렌치코트 베이지 MARS02BG,./상품이미지/아우터/트렌치 코트/마스 캐주얼 유니크 스퀘어 빅카라 소매배색 면 트렌치코트 베이지 MARS02BG1.jpg
1066,1067,코튼 후드 트렌치 코트 아이보리,./상품이미지/아우터/트렌치 코트/코튼 후드 트렌치 코트 아이보리1.jpg
1067,1068,ROOMY MAC COAT LIGHT GREY,./상품이미지/아우터/트렌치 코트/ROOMY MAC COAT LIGHT GREY1.jpg
1068,1069,Rachel Trench Coat_Navy,./상품이미지/아우터/트렌치 코트/Rachel Trench Coat_Navy1.jpg
1069,1070,single balmacaan coat khaki brown,./상품이미지/아우터/트렌치 코트/single balmacaan coat khaki brown1.jpg
1070,1071,여성 트렌치코트 22SS,./상품이미지/아우터/트렌치 코트/여성 트렌치코트 22SS1.jpg
1071,1072,SHEER SINGLE TRENCH COAT,./상품이미지/아우터/트렌치 코트/SHEER SINGLE TRENCH COAT1.jpg
1072,1073,베이직 벨티드 라글란 트렌치 코트 MF10BY200,./상품이미지/아우터/트렌치 코트/베이직 벨티드 라글란 트렌치 코트 MF10BY2001.gif
1073,1074,single balmacaan coat black,./상품이미지/아우터/트렌치 코트/single balmacaan coat black1.jpg
1074,1075,쿼드 트렌치코트,./상품이미지/아우터/트렌치 코트/쿼드 트렌치코트1.jpg
1075,1076,Rachel Trench Coat_Ecru,./상품이미지/아우터/트렌치 코트/Rachel Trench Coat_Ecru1.jpg
1076,1077,TRENCH SHORT BURBERRY COAT,./상품이미지/아우터/트렌치 코트/TRENCH SHORT BURBERRY COAT1.jpg
1077,1078,오버사이즈 더블 트렌치 코트_라이트 베이지,./상품이미지/아우터/트렌치 코트/오버사이즈 더블 트렌치 코트_라이트 베이지1.jpg
1078,1079,스퀘어 캐스팅 트렌치 Begie,./상품이미지/아우터/트렌치 코트/스퀘어 캐스팅 트렌치 Begie1.jpg
1079,1080,여성 롱 켄싱턴 헤리테지 트렌치 코트 미드나잇 8045290,./상품이미지/아우터/트렌치 코트/여성 롱 켄싱턴 헤리테지 트렌치 코트 미드나잇 80452901.jpg
